timeStamp,elapsed,label,responseCode,responseMessage,threadName,dataType,success,bytes,grpThreads,allThreads,Latency,Hostname
1352750238190,13313,localhost CPU TOTAL,,,,,true,0,0,0,0,ACCT_AHP_2
1352750238196,0,localhost CPU mongod,,,,,true,0,0,0,0,ACCT_AHP_2
1352750239338,13822,localhost CPU TOTAL,,,,,true,0,0,0,0,ACCT_AHP_2
1352750239339,0,localhost CPU mongod,,,,,true,0,0,0,0,ACCT_AHP_2
1352750240339,16795,localhost CPU TOTAL,,,,,true,0,0,0,0,ACCT_AHP_2
1352750240340,0,localhost CPU mongod,,,,,true,0,0,0,0,ACCT_AHP_2
1352750241340,14450,localhost CPU TOTAL,,,,,true,0,0,0,0,ACCT_AHP_2
1352750241341,0,localhost CPU mongod,,,,,true,0,0,0,0,ACCT_AHP_2
1352750242341,20706,localhost CPU TOTAL,,,,,true,0,0,0,0,ACCT_AHP_2
1352750242341,0,localhost CPU mongod,,,,,true,0,0,0,0,ACCT_AHP_2
1352750243341,49617,localhost CPU TOTAL,,,,,true,0,0,0,0,ACCT_AHP_2
1352750243341,0,localhost CPU mongod,,,,,true,0,0,0,0,ACCT_AHP_2
1352750244342,48241,localhost CPU TOTAL,,,,,true,0,0,0,0,ACCT_AHP_2
1352750244342,0,localhost CPU mongod,,,,,true,0,0,0,0,ACCT_AHP_2
1352750245342,34509,localhost CPU TOTAL,,,,,true,0,0,0,0,ACCT_AHP_2
1352750245342,0,localhost CPU mongod,,,,,true,0,0,0,0,ACCT_AHP_2
1352750246342,18357,localhost CPU TOTAL,,,,,true,0,0,0,0,ACCT_AHP_2
1352750246343,0,localhost CPU mongod,,,,,true,0,0,0,0,ACCT_AHP_2
1352750247343,17905,localhost CPU TOTAL,,,,,true,0,0,0,0,ACCT_AHP_2
1352750247343,0,localhost CPU mongod,,,,,true,0,0,0,0,ACCT_AHP_2
1352750248356,18482,localhost CPU TOTAL,,,,,true,0,0,0,0,ACCT_AHP_2
1352750248357,0,localhost CPU mongod,,,,,true,0,0,0,0,ACCT_AHP_2
1352750249357,13251,localhost CPU TOTAL,,,,,true,0,0,0,0,ACCT_AHP_2
1352750249357,0,localhost CPU mongod,,,,,true,0,0,0,0,ACCT_AHP_2
1352750250357,30748,localhost CPU TOTAL,,,,,true,0,0,0,0,ACCT_AHP_2
1352750250357,0,localhost CPU mongod,,,,,true,0,0,0,0,ACCT_AHP_2
1352750251357,18076,localhost CPU TOTAL,,,,,true,0,0,0,0,ACCT_AHP_2
1352750251358,1500,localhost CPU mongod,,,,,true,0,0,0,0,ACCT_AHP_2
1352750252358,21022,localhost CPU TOTAL,,,,,true,0,0,0,0,ACCT_AHP_2
1352750252359,0,localhost CPU mongod,,,,,true,0,0,0,0,ACCT_AHP_2
1352750253362,10872,localhost CPU TOTAL,,,,,true,0,0,0,0,ACCT_AHP_2
1352750253362,0,localhost CPU mongod,,,,,true,0,0,0,0,ACCT_AHP_2
1352750254362,24255,localhost CPU TOTAL,,,,,true,0,0,0,0,ACCT_AHP_2
1352750254363,0,localhost CPU mongod,,,,,true,0,0,0,0,ACCT_AHP_2
1352750255363,35778,localhost CPU TOTAL,,,,,true,0,0,0,0,ACCT_AHP_2
1352750255363,0,localhost CPU mongod,,,,,true,0,0,0,0,ACCT_AHP_2
1352750256363,33739,localhost CPU TOTAL,,,,,true,0,0,0,0,ACCT_AHP_2
1352750256363,0,localhost CPU mongod,,,,,true,0,0,0,0,ACCT_AHP_2
1352750257364,15247,localhost CPU TOTAL,,,,,true,0,0,0,0,ACCT_AHP_2
1352750257365,0,localhost CPU mongod,,,,,true,0,0,0,0,ACCT_AHP_2
1352750258365,17997,localhost CPU TOTAL,,,,,true,0,0,0,0,ACCT_AHP_2
1352750258365,0,localhost CPU mongod,,,,,true,0,0,0,0,ACCT_AHP_2
1352750259365,16955,localhost CPU TOTAL,,,,,true,0,0,0,0,ACCT_AHP_2
1352750259365,0,localhost CPU mongod,,,,,true,0,0,0,0,ACCT_AHP_2
1352750260366,21482,localhost CPU TOTAL,,,,,true,0,0,0,0,ACCT_AHP_2
1352750260367,0,localhost CPU mongod,,,,,true,0,0,0,0,ACCT_AHP_2
1352750261367,15602,localhost CPU TOTAL,,,,,true,0,0,0,0,ACCT_AHP_2
1352750261367,0,localhost CPU mongod,,,,,true,0,0,0,0,ACCT_AHP_2
1352750262370,22293,localhost CPU TOTAL,,,,,true,0,0,0,0,ACCT_AHP_2
1352750262371,1581,localhost CPU mongod,,,,,true,0,0,0,0,ACCT_AHP_2
1352750263371,20392,localhost CPU TOTAL,,,,,true,0,0,0,0,ACCT_AHP_2
1352750263371,3000,localhost CPU mongod,,,,,true,0,0,0,0,ACCT_AHP_2
1352750264371,17371,localhost CPU TOTAL,,,,,true,0,0,0,0,ACCT_AHP_2
1352750264371,0,localhost CPU mongod,,,,,true,0,0,0,0,ACCT_AHP_2
1352750265371,26976,localhost CPU TOTAL,,,,,true,0,0,0,0,ACCT_AHP_2
1352750265371,0,localhost CPU mongod,,,,,true,0,0,0,0,ACCT_AHP_2
1352750266371,20686,localhost CPU TOTAL,,,,,true,0,0,0,0,ACCT_AHP_2
1352750266371,0,localhost CPU mongod,,,,,true,0,0,0,0,ACCT_AHP_2
1352750267371,18382,localhost CPU TOTAL,,,,,true,0,0,0,0,ACCT_AHP_2
1352750267371,0,localhost CPU mongod,,,,,true,0,0,0,0,ACCT_AHP_2
1352750268371,22620,localhost CPU TOTAL,,,,,true,0,0,0,0,ACCT_AHP_2
1352750268371,0,localhost CPU mongod,,,,,true,0,0,0,0,ACCT_AHP_2
1352750269371,21902,localhost CPU TOTAL,,,,,true,0,0,0,0,ACCT_AHP_2
1352750269371,0,localhost CPU mongod,,,,,true,0,0,0,0,ACCT_AHP_2
1352750270371,27322,localhost CPU TOTAL,,,,,true,0,0,0,0,ACCT_AHP_2
1352750270371,0,localhost CPU mongod,,,,,true,0,0,0,0,ACCT_AHP_2
1352750271371,17697,localhost CPU TOTAL,,,,,true,0,0,0,0,ACCT_AHP_2
1352750271371,0,localhost CPU mongod,,,,,true,0,0,0,0,ACCT_AHP_2
1352750272371,17842,localhost CPU TOTAL,,,,,true,0,0,0,0,ACCT_AHP_2
1352750272371,0,localhost CPU mongod,,,,,true,0,0,0,0,ACCT_AHP_2
1352750273371,17203,localhost CPU TOTAL,,,,,true,0,0,0,0,ACCT_AHP_2
1352750273371,0,localhost CPU mongod,,,,,true,0,0,0,0,ACCT_AHP_2
1352750274373,24152,localhost CPU TOTAL,,,,,true,0,0,0,0,ACCT_AHP_2
1352750274374,0,localhost CPU mongod,,,,,true,0,0,0,0,ACCT_AHP_2
1352750275374,15964,localhost CPU TOTAL,,,,,true,0,0,0,0,ACCT_AHP_2
1352750275375,0,localhost CPU mongod,,,,,true,0,0,0,0,ACCT_AHP_2
1352750276375,15623,localhost CPU TOTAL,,,,,true,0,0,0,0,ACCT_AHP_2
1352750276376,1600,localhost CPU mongod,,,,,true,0,0,0,0,ACCT_AHP_2
1352750277376,17180,localhost CPU TOTAL,,,,,true,0,0,0,0,ACCT_AHP_2
1352750277376,0,localhost CPU mongod,,,,,true,0,0,0,0,ACCT_AHP_2
1352750278377,22283,localhost CPU TOTAL,,,,,true,0,0,0,0,ACCT_AHP_2
1352750278377,0,localhost CPU mongod,,,,,true,0,0,0,0,ACCT_AHP_2
1352750279378,30087,localhost CPU TOTAL,,,,,true,0,0,0,0,ACCT_AHP_2
1352750279378,1600,localhost CPU mongod,,,,,true,0,0,0,0,ACCT_AHP_2
1352750280378,20209,localhost CPU TOTAL,,,,,true,0,0,0,0,ACCT_AHP_2
1352750280378,0,localhost CPU mongod,,,,,true,0,0,0,0,ACCT_AHP_2
1352750281378,21628,localhost CPU TOTAL,,,,,true,0,0,0,0,ACCT_AHP_2
1352750281379,0,localhost CPU mongod,,,,,true,0,0,0,0,ACCT_AHP_2
1352750282379,20229,localhost CPU TOTAL,,,,,true,0,0,0,0,ACCT_AHP_2
1352750282379,0,localhost CPU mongod,,,,,true,0,0,0,0,ACCT_AHP_2
1352750283379,33959,localhost CPU TOTAL,,,,,true,0,0,0,0,ACCT_AHP_2
1352750283379,0,localhost CPU mongod,,,,,true,0,0,0,0,ACCT_AHP_2
1352750284379,35152,localhost CPU TOTAL,,,,,true,0,0,0,0,ACCT_AHP_2
1352750284379,0,localhost CPU mongod,,,,,true,0,0,0,0,ACCT_AHP_2
1352750285379,20711,localhost CPU TOTAL,,,,,true,0,0,0,0,ACCT_AHP_2
1352750285379,0,localhost CPU mongod,,,,,true,0,0,0,0,ACCT_AHP_2
1352750286379,27245,localhost CPU TOTAL,,,,,true,0,0,0,0,ACCT_AHP_2
1352750286379,1600,localhost CPU mongod,,,,,true,0,0,0,0,ACCT_AHP_2
1352750287379,16416,localhost CPU TOTAL,,,,,true,0,0,0,0,ACCT_AHP_2
1352750287380,0,localhost CPU mongod,,,,,true,0,0,0,0,ACCT_AHP_2
1352750288380,21092,localhost CPU TOTAL,,,,,true,0,0,0,0,ACCT_AHP_2
1352750288381,0,localhost CPU mongod,,,,,true,0,0,0,0,ACCT_AHP_2
1352750289381,23385,localhost CPU TOTAL,,,,,true,0,0,0,0,ACCT_AHP_2
1352750289382,0,localhost CPU mongod,,,,,true,0,0,0,0,ACCT_AHP_2
1352750290382,20049,localhost CPU TOTAL,,,,,true,0,0,0,0,ACCT_AHP_2
1352750290382,0,localhost CPU mongod,,,,,true,0,0,0,0,ACCT_AHP_2
1352750291383,21543,localhost CPU TOTAL,,,,,true,0,0,0,0,ACCT_AHP_2
1352750291384,0,localhost CPU mongod,,,,,true,0,0,0,0,ACCT_AHP_2
1352750292385,16386,localhost CPU TOTAL,,,,,true,0,0,0,0,ACCT_AHP_2
1352750292386,0,localhost CPU mongod,,,,,true,0,0,0,0,ACCT_AHP_2
1352750293386,23219,localhost CPU TOTAL,,,,,true,0,0,0,0,ACCT_AHP_2
1352750293387,0,localhost CPU mongod,,,,,true,0,0,0,0,ACCT_AHP_2
1352750294387,15165,localhost CPU TOTAL,,,,,true,0,0,0,0,ACCT_AHP_2
1352750294388,0,localhost CPU mongod,,,,,true,0,0,0,0,ACCT_AHP_2
1352750295388,28124,localhost CPU TOTAL,,,,,true,0,0,0,0,ACCT_AHP_2
1352750295389,0,localhost CPU mongod,,,,,true,0,0,0,0,ACCT_AHP_2
1352750296389,14024,localhost CPU TOTAL,,,,,true,0,0,0,0,ACCT_AHP_2
1352750296390,0,localhost CPU mongod,,,,,true,0,0,0,0,ACCT_AHP_2
1352750297390,16049,localhost CPU TOTAL,,,,,true,0,0,0,0,ACCT_AHP_2
1352750297391,0,localhost CPU mongod,,,,,true,0,0,0,0,ACCT_AHP_2
1352750298391,22973,localhost CPU TOTAL,,,,,true,0,0,0,0,ACCT_AHP_2
1352750298392,0,localhost CPU mongod,,,,,true,0,0,0,0,ACCT_AHP_2
1352750299392,23791,localhost CPU TOTAL,,,,,true,0,0,0,0,ACCT_AHP_2
1352750299393,0,localhost CPU mongod,,,,,true,0,0,0,0,ACCT_AHP_2
1352750300393,20470,localhost CPU TOTAL,,,,,true,0,0,0,0,ACCT_AHP_2
1352750300394,0,localhost CPU mongod,,,,,true,0,0,0,0,ACCT_AHP_2
1352750301394,15833,localhost CPU TOTAL,,,,,true,0,0,0,0,ACCT_AHP_2
1352750301394,0,localhost CPU mongod,,,,,true,0,0,0,0,ACCT_AHP_2
1352750302394,15960,localhost CPU TOTAL,,,,,true,0,0,0,0,ACCT_AHP_2
1352750302395,0,localhost CPU mongod,,,,,true,0,0,0,0,ACCT_AHP_2
1352750303395,28489,localhost CPU TOTAL,,,,,true,0,0,0,0,ACCT_AHP_2
1352750303396,0,localhost CPU mongod,,,,,true,0,0,0,0,ACCT_AHP_2
1352750304396,21106,localhost CPU TOTAL,,,,,true,0,0,0,0,ACCT_AHP_2
1352750304397,0,localhost CPU mongod,,,,,true,0,0,0,0,ACCT_AHP_2
1352750305397,21795,localhost CPU TOTAL,,,,,true,0,0,0,0,ACCT_AHP_2
1352750305397,0,localhost CPU mongod,,,,,true,0,0,0,0,ACCT_AHP_2
1352750306397,14014,localhost CPU TOTAL,,,,,true,0,0,0,0,ACCT_AHP_2
1352750306398,0,localhost CPU mongod,,,,,true,0,0,0,0,ACCT_AHP_2
1352750307398,19934,localhost CPU TOTAL,,,,,true,0,0,0,0,ACCT_AHP_2
1352750307398,1500,localhost CPU mongod,,,,,true,0,0,0,0,ACCT_AHP_2
1352750308398,15606,localhost CPU TOTAL,,,,,true,0,0,0,0,ACCT_AHP_2
1352750308399,0,localhost CPU mongod,,,,,true,0,0,0,0,ACCT_AHP_2
1352750309400,25681,localhost CPU TOTAL,,,,,true,0,0,0,0,ACCT_AHP_2
1352750309400,0,localhost CPU mongod,,,,,true,0,0,0,0,ACCT_AHP_2
1352750310400,22549,localhost CPU TOTAL,,,,,true,0,0,0,0,ACCT_AHP_2
1352750310400,0,localhost CPU mongod,,,,,true,0,0,0,0,ACCT_AHP_2
1352750311401,14428,localhost CPU TOTAL,,,,,true,0,0,0,0,ACCT_AHP_2
1352750311402,0,localhost CPU mongod,,,,,true,0,0,0,0,ACCT_AHP_2
1352750312402,15582,localhost CPU TOTAL,,,,,true,0,0,0,0,ACCT_AHP_2
1352750312403,0,localhost CPU mongod,,,,,true,0,0,0,0,ACCT_AHP_2
1352750313403,18299,localhost CPU TOTAL,,,,,true,0,0,0,0,ACCT_AHP_2
1352750313404,0,localhost CPU mongod,,,,,true,0,0,0,0,ACCT_AHP_2
1352750314404,19138,localhost CPU TOTAL,,,,,true,0,0,0,0,ACCT_AHP_2
1352750314405,0,localhost CPU mongod,,,,,true,0,0,0,0,ACCT_AHP_2
1352750315405,26521,localhost CPU TOTAL,,,,,true,0,0,0,0,ACCT_AHP_2
1352750315405,0,localhost CPU mongod,,,,,true,0,0,0,0,ACCT_AHP_2
1352750316405,28160,localhost CPU TOTAL,,,,,true,0,0,0,0,ACCT_AHP_2
1352750316405,0,localhost CPU mongod,,,,,true,0,0,0,0,ACCT_AHP_2
1352750317406,15606,localhost CPU TOTAL,,,,,true,0,0,0,0,ACCT_AHP_2
1352750317406,1600,localhost CPU mongod,,,,,true,0,0,0,0,ACCT_AHP_2
1352750318407,18482,localhost CPU TOTAL,,,,,true,0,0,0,0,ACCT_AHP_2
1352750318407,0,localhost CPU mongod,,,,,true,0,0,0,0,ACCT_AHP_2
1352750319407,16403,localhost CPU TOTAL,,,,,true,0,0,0,0,ACCT_AHP_2
1352750319408,0,localhost CPU mongod,,,,,true,0,0,0,0,ACCT_AHP_2
1352750320408,17976,localhost CPU TOTAL,,,,,true,0,0,0,0,ACCT_AHP_2
1352750320408,0,localhost CPU mongod,,,,,true,0,0,0,0,ACCT_AHP_2
1352750321409,16779,localhost CPU TOTAL,,,,,true,0,0,0,0,ACCT_AHP_2
1352750321409,0,localhost CPU mongod,,,,,true,0,0,0,0,ACCT_AHP_2
1352750322409,19153,localhost CPU TOTAL,,,,,true,0,0,0,0,ACCT_AHP_2
1352750322410,0,localhost CPU mongod,,,,,true,0,0,0,0,ACCT_AHP_2
1352750323410,16804,localhost CPU TOTAL,,,,,true,0,0,0,0,ACCT_AHP_2
1352750323410,0,localhost CPU mongod,,,,,true,0,0,0,0,ACCT_AHP_2
1352750324410,14446,localhost CPU TOTAL,,,,,true,0,0,0,0,ACCT_AHP_2
1352750324411,0,localhost CPU mongod,,,,,true,0,0,0,0,ACCT_AHP_2
1352750325411,19549,localhost CPU TOTAL,,,,,true,0,0,0,0,ACCT_AHP_2
1352750325411,0,localhost CPU mongod,,,,,true,0,0,0,0,ACCT_AHP_2
1352750326412,17935,localhost CPU TOTAL,,,,,true,0,0,0,0,ACCT_AHP_2
1352750326413,0,localhost CPU mongod,,,,,true,0,0,0,0,ACCT_AHP_2
1352750327414,16821,localhost CPU TOTAL,,,,,true,0,0,0,0,ACCT_AHP_2
1352750327414,0,localhost CPU mongod,,,,,true,0,0,0,0,ACCT_AHP_2
1352750328414,14296,localhost CPU TOTAL,,,,,true,0,0,0,0,ACCT_AHP_2
1352750328414,0,localhost CPU mongod,,,,,true,0,0,0,0,ACCT_AHP_2
1352750329414,19072,localhost CPU TOTAL,,,,,true,0,0,0,0,ACCT_AHP_2
1352750329414,0,localhost CPU mongod,,,,,true,0,0,0,0,ACCT_AHP_2
1352750330415,15925,localhost CPU TOTAL,,,,,true,0,0,0,0,ACCT_AHP_2
1352750330415,0,localhost CPU mongod,,,,,true,0,0,0,0,ACCT_AHP_2
1352750331415,21106,localhost CPU TOTAL,,,,,true,0,0,0,0,ACCT_AHP_2
1352750331416,0,localhost CPU mongod,,,,,true,0,0,0,0,ACCT_AHP_2
1352750332416,15230,localhost CPU TOTAL,,,,,true,0,0,0,0,ACCT_AHP_2
1352750332417,1500,localhost CPU mongod,,,,,true,0,0,0,0,ACCT_AHP_2
1352750333423,16395,localhost CPU TOTAL,,,,,true,0,0,0,0,ACCT_AHP_2
1352750333423,1600,localhost CPU mongod,,,,,true,0,0,0,0,ACCT_AHP_2
1352750334423,19128,localhost CPU TOTAL,,,,,true,0,0,0,0,ACCT_AHP_2
1352750334426,0,localhost CPU mongod,,,,,true,0,0,0,0,ACCT_AHP_2
1352750335426,18382,localhost CPU TOTAL,,,,,true,0,0,0,0,ACCT_AHP_2
1352750335427,0,localhost CPU mongod,,,,,true,0,0,0,0,ACCT_AHP_2
1352750336427,12654,localhost CPU TOTAL,,,,,true,0,0,0,0,ACCT_AHP_2
1352750336428,0,localhost CPU mongod,,,,,true,0,0,0,0,ACCT_AHP_2
1352750337428,20325,localhost CPU TOTAL,,,,,true,0,0,0,0,ACCT_AHP_2
1352750337428,0,localhost CPU mongod,,,,,true,0,0,0,0,ACCT_AHP_2
1352750338428,19582,localhost CPU TOTAL,,,,,true,0,0,0,0,ACCT_AHP_2
1352750338429,0,localhost CPU mongod,,,,,true,0,0,0,0,ACCT_AHP_2
1352750339429,14417,localhost CPU TOTAL,,,,,true,0,0,0,0,ACCT_AHP_2
1352750339430,0,localhost CPU mongod,,,,,true,0,0,0,0,ACCT_AHP_2
1352750340430,18357,localhost CPU TOTAL,,,,,true,0,0,0,0,ACCT_AHP_2
1352750340431,0,localhost CPU mongod,,,,,true,0,0,0,0,ACCT_AHP_2
1352750341431,17571,localhost CPU TOTAL,,,,,true,0,0,0,0,ACCT_AHP_2
1352750341432,0,localhost CPU mongod,,,,,true,0,0,0,0,ACCT_AHP_2
1352750342432,21507,localhost CPU TOTAL,,,,,true,0,0,0,0,ACCT_AHP_2
1352750342432,1600,localhost CPU mongod,,,,,true,0,0,0,0,ACCT_AHP_2
1352750343432,15627,localhost CPU TOTAL,,,,,true,0,0,0,0,ACCT_AHP_2
1352750343432,0,localhost CPU mongod,,,,,true,0,0,0,0,ACCT_AHP_2
1352750344434,19226,localhost CPU TOTAL,,,,,true,0,0,0,0,ACCT_AHP_2
1352750344435,0,localhost CPU mongod,,,,,true,0,0,0,0,ACCT_AHP_2
1352750345435,19077,localhost CPU TOTAL,,,,,true,0,0,0,0,ACCT_AHP_2
1352750345435,0,localhost CPU mongod,,,,,true,0,0,0,0,ACCT_AHP_2
1352750346435,14071,localhost CPU TOTAL,,,,,true,0,0,0,0,ACCT_AHP_2
1352750346435,0,localhost CPU mongod,,,,,true,0,0,0,0,ACCT_AHP_2
1352750347435,16300,localhost CPU TOTAL,,,,,true,0,0,0,0,ACCT_AHP_2
1352750347435,0,localhost CPU mongod,,,,,true,0,0,0,0,ACCT_AHP_2
1352750348436,17551,localhost CPU TOTAL,,,,,true,0,0,0,0,ACCT_AHP_2
1352750348436,0,localhost CPU mongod,,,,,true,0,0,0,0,ACCT_AHP_2
1352750349436,16007,localhost CPU TOTAL,,,,,true,0,0,0,0,ACCT_AHP_2
1352750349436,0,localhost CPU mongod,,,,,true,0,0,0,0,ACCT_AHP_2
1352750350437,19032,localhost CPU TOTAL,,,,,true,0,0,0,0,ACCT_AHP_2
1352750350438,1500,localhost CPU mongod,,,,,true,0,0,0,0,ACCT_AHP_2
1352750351438,14450,localhost CPU TOTAL,,,,,true,0,0,0,0,ACCT_AHP_2
1352750351439,0,localhost CPU mongod,,,,,true,0,0,0,0,ACCT_AHP_2
1352750352439,13801,localhost CPU TOTAL,,,,,true,0,0,0,0,ACCT_AHP_2
1352750352440,0,localhost CPU mongod,,,,,true,0,0,0,0,ACCT_AHP_2
1352750353440,20700,localhost CPU TOTAL,,,,,true,0,0,0,0,ACCT_AHP_2
1352750353440,1500,localhost CPU mongod,,,,,true,0,0,0,0,ACCT_AHP_2
1352750354440,12099,localhost CPU TOTAL,,,,,true,0,0,0,0,ACCT_AHP_2
1352750354441,0,localhost CPU mongod,,,,,true,0,0,0,0,ACCT_AHP_2
1352750355441,19949,localhost CPU TOTAL,,,,,true,0,0,0,0,ACCT_AHP_2
1352750355441,0,localhost CPU mongod,,,,,true,0,0,0,0,ACCT_AHP_2
1352750356441,16420,localhost CPU TOTAL,,,,,true,0,0,0,0,ACCT_AHP_2
1352750356442,0,localhost CPU mongod,,,,,true,0,0,0,0,ACCT_AHP_2
1352750357442,17985,localhost CPU TOTAL,,,,,true,0,0,0,0,ACCT_AHP_2
1352750357443,0,localhost CPU mongod,,,,,true,0,0,0,0,ACCT_AHP_2
1352750358443,17180,localhost CPU TOTAL,,,,,true,0,0,0,0,ACCT_AHP_2
1352750358443,1600,localhost CPU mongod,,,,,true,0,0,0,0,ACCT_AHP_2
1352750359443,20706,localhost CPU TOTAL,,,,,true,0,0,0,0,ACCT_AHP_2
1352750359443,1600,localhost CPU mongod,,,,,true,0,0,0,0,ACCT_AHP_2
1352750360443,16399,localhost CPU TOTAL,,,,,true,0,0,0,0,ACCT_AHP_2
1352750360444,0,localhost CPU mongod,,,,,true,0,0,0,0,ACCT_AHP_2
1352750361445,18288,localhost CPU TOTAL,,,,,true,0,0,0,0,ACCT_AHP_2
1352750361445,0,localhost CPU mongod,,,,,true,0,0,0,0,ACCT_AHP_2
1352750362445,16670,localhost CPU TOTAL,,,,,true,0,0,0,0,ACCT_AHP_2
1352750362446,0,localhost CPU mongod,,,,,true,0,0,0,0,ACCT_AHP_2
1352750363446,19133,localhost CPU TOTAL,,,,,true,0,0,0,0,ACCT_AHP_2
1352750363446,0,localhost CPU mongod,,,,,true,0,0,0,0,ACCT_AHP_2
1352750364446,18604,localhost CPU TOTAL,,,,,true,0,0,0,0,ACCT_AHP_2
1352750364446,0,localhost CPU mongod,,,,,true,0,0,0,0,ACCT_AHP_2
1352750365447,20963,localhost CPU TOTAL,,,,,true,0,0,0,0,ACCT_AHP_2
1352750365447,0,localhost CPU mongod,,,,,true,0,0,0,0,ACCT_AHP_2
1352750366447,17555,localhost CPU TOTAL,,,,,true,0,0,0,0,ACCT_AHP_2
1352750366447,0,localhost CPU mongod,,,,,true,0,0,0,0,ACCT_AHP_2
1352750367447,22664,localhost CPU TOTAL,,,,,true,0,0,0,0,ACCT_AHP_2
1352750367448,0,localhost CPU mongod,,,,,true,0,0,0,0,ACCT_AHP_2
1352750368448,14822,localhost CPU TOTAL,,,,,true,0,0,0,0,ACCT_AHP_2
1352750368448,0,localhost CPU mongod,,,,,true,0,0,0,0,ACCT_AHP_2
1352750369448,21795,localhost CPU TOTAL,,,,,true,0,0,0,0,ACCT_AHP_2
1352750369448,0,localhost CPU mongod,,,,,true,0,0,0,0,ACCT_AHP_2
1352750370448,17200,localhost CPU TOTAL,,,,,true,0,0,0,0,ACCT_AHP_2
1352750370448,1500,localhost CPU mongod,,,,,true,0,0,0,0,ACCT_AHP_2
1352750371449,14428,localhost CPU TOTAL,,,,,true,0,0,0,0,ACCT_AHP_2
1352750371449,0,localhost CPU mongod,,,,,true,0,0,0,0,ACCT_AHP_2
1352750372449,19148,localhost CPU TOTAL,,,,,true,0,0,0,0,ACCT_AHP_2
1352750372450,0,localhost CPU mongod,,,,,true,0,0,0,0,ACCT_AHP_2
1352750373450,19082,localhost CPU TOTAL,,,,,true,0,0,0,0,ACCT_AHP_2
1352750373450,0,localhost CPU mongod,,,,,true,0,0,0,0,ACCT_AHP_2
1352750374450,18096,localhost CPU TOTAL,,,,,true,0,0,0,0,ACCT_AHP_2
1352750374450,1600,localhost CPU mongod,,,,,true,0,0,0,0,ACCT_AHP_2
1352750375451,20325,localhost CPU TOTAL,,,,,true,0,0,0,0,ACCT_AHP_2
1352750375451,0,localhost CPU mongod,,,,,true,0,0,0,0,ACCT_AHP_2
1352750376451,20671,localhost CPU TOTAL,,,,,true,0,0,0,0,ACCT_AHP_2
1352750376451,0,localhost CPU mongod,,,,,true,0,0,0,0,ACCT_AHP_2
1352750377451,16795,localhost CPU TOTAL,,,,,true,0,0,0,0,ACCT_AHP_2
1352750377452,0,localhost CPU mongod,,,,,true,0,0,0,0,ACCT_AHP_2
1352750378452,14018,localhost CPU TOTAL,,,,,true,0,0,0,0,ACCT_AHP_2
1352750378452,0,localhost CPU mongod,,,,,true,0,0,0,0,ACCT_AHP_2
1352750379453,22620,localhost CPU TOTAL,,,,,true,0,0,0,0,ACCT_AHP_2
1352750379453,0,localhost CPU mongod,,,,,true,0,0,0,0,ACCT_AHP_2
1352750380453,16424,localhost CPU TOTAL,,,,,true,0,0,0,0,ACCT_AHP_2
1352750380453,0,localhost CPU mongod,,,,,true,0,0,0,0,ACCT_AHP_2
1352750381453,22639,localhost CPU TOTAL,,,,,true,0,0,0,0,ACCT_AHP_2
1352750381453,0,localhost CPU mongod,,,,,true,0,0,0,0,ACCT_AHP_2
1352750382453,19169,localhost CPU TOTAL,,,,,true,0,0,0,0,ACCT_AHP_2
1352750382453,0,localhost CPU mongod,,,,,true,0,0,0,0,ACCT_AHP_2
1352750383453,26553,localhost CPU TOTAL,,,,,true,0,0,0,0,ACCT_AHP_2
1352750383453,1500,localhost CPU mongod,,,,,true,0,0,0,0,ACCT_AHP_2
1352750384453,12050,localhost CPU TOTAL,,,,,true,0,0,0,0,ACCT_AHP_2
1352750384454,0,localhost CPU mongod,,,,,true,0,0,0,0,ACCT_AHP_2
1352750385454,23810,localhost CPU TOTAL,,,,,true,0,0,0,0,ACCT_AHP_2
1352750385454,0,localhost CPU mongod,,,,,true,0,0,0,0,ACCT_AHP_2
1352750386454,16804,localhost CPU TOTAL,,,,,true,0,0,0,0,ACCT_AHP_2
1352750386454,0,localhost CPU mongod,,,,,true,0,0,0,0,ACCT_AHP_2
1352750387454,17200,localhost CPU TOTAL,,,,,true,0,0,0,0,ACCT_AHP_2
1352750387455,0,localhost CPU mongod,,,,,true,0,0,0,0,ACCT_AHP_2
1352750388455,17555,localhost CPU TOTAL,,,,,true,0,0,0,0,ACCT_AHP_2
1352750388455,0,localhost CPU mongod,,,,,true,0,0,0,0,ACCT_AHP_2
1352750389455,18753,localhost CPU TOTAL,,,,,true,0,0,0,0,ACCT_AHP_2
1352750389455,0,localhost CPU mongod,,,,,true,0,0,0,0,ACCT_AHP_2
1352750390455,23435,localhost CPU TOTAL,,,,,true,0,0,0,0,ACCT_AHP_2
1352750390455,1600,localhost CPU mongod,,,,,true,0,0,0,0,ACCT_AHP_2
1352750391456,24875,localhost CPU TOTAL,,,,,true,0,0,0,0,ACCT_AHP_2
1352750391456,0,localhost CPU mongod,,,,,true,0,0,0,0,ACCT_AHP_2
1352750392456,20711,localhost CPU TOTAL,,,,,true,0,0,0,0,ACCT_AHP_2
1352750392456,0,localhost CPU mongod,,,,,true,0,0,0,0,ACCT_AHP_2
1352750393456,21192,localhost CPU TOTAL,,,,,true,0,0,0,0,ACCT_AHP_2
1352750393457,0,localhost CPU mongod,,,,,true,0,0,0,0,ACCT_AHP_2
1352750394458,17951,localhost CPU TOTAL,,,,,true,0,0,0,0,ACCT_AHP_2
1352750394459,0,localhost CPU mongod,,,,,true,0,0,0,0,ACCT_AHP_2
1352750395464,19549,localhost CPU TOTAL,,,,,true,0,0,0,0,ACCT_AHP_2
1352750395464,0,localhost CPU mongod,,,,,true,0,0,0,0,ACCT_AHP_2
1352750396465,19514,localhost CPU TOTAL,,,,,true,0,0,0,0,ACCT_AHP_2
1352750396465,0,localhost CPU mongod,,,,,true,0,0,0,0,ACCT_AHP_2
1352750397466,22258,localhost CPU TOTAL,,,,,true,0,0,0,0,ACCT_AHP_2
1352750397466,1600,localhost CPU mongod,,,,,true,0,0,0,0,ACCT_AHP_2
1352750398469,19939,localhost CPU TOTAL,,,,,true,0,0,0,0,ACCT_AHP_2
1352750398470,0,localhost CPU mongod,,,,,true,0,0,0,0,ACCT_AHP_2
1352750399470,17501,localhost CPU TOTAL,,,,,true,0,0,0,0,ACCT_AHP_2
1352750399470,0,localhost CPU mongod,,,,,true,0,0,0,0,ACCT_AHP_2
1352750400471,18352,localhost CPU TOTAL,,,,,true,0,0,0,0,ACCT_AHP_2
1352750400472,0,localhost CPU mongod,,,,,true,0,0,0,0,ACCT_AHP_2
1352750401472,22205,localhost CPU TOTAL,,,,,true,0,0,0,0,ACCT_AHP_2
1352750401472,0,localhost CPU mongod,,,,,true,0,0,0,0,ACCT_AHP_2
1352750402472,22200,localhost CPU TOTAL,,,,,true,0,0,0,0,ACCT_AHP_2
1352750402472,0,localhost CPU mongod,,,,,true,0,0,0,0,ACCT_AHP_2
1352750403473,14018,localhost CPU TOTAL,,,,,true,0,0,0,0,ACCT_AHP_2
1352750403474,0,localhost CPU mongod,,,,,true,0,0,0,0,ACCT_AHP_2
1352750404474,14410,localhost CPU TOTAL,,,,,true,0,0,0,0,ACCT_AHP_2
1352750404475,0,localhost CPU mongod,,,,,true,0,0,0,0,ACCT_AHP_2
1352750405475,18732,localhost CPU TOTAL,,,,,true,0,0,0,0,ACCT_AHP_2
1352750405475,0,localhost CPU mongod,,,,,true,0,0,0,0,ACCT_AHP_2
1352750406476,16003,localhost CPU TOTAL,,,,,true,0,0,0,0,ACCT_AHP_2
1352750406477,0,localhost CPU mongod,,,,,true,0,0,0,0,ACCT_AHP_2
1352750407477,30836,localhost CPU TOTAL,,,,,true,0,0,0,0,ACCT_AHP_2
1352750407478,0,localhost CPU mongod,,,,,true,0,0,0,0,ACCT_AHP_2
1352750408478,16445,localhost CPU TOTAL,,,,,true,0,0,0,0,ACCT_AHP_2
1352750408479,0,localhost CPU mongod,,,,,true,0,0,0,0,ACCT_AHP_2
1352750409479,17905,localhost CPU TOTAL,,,,,true,0,0,0,0,ACCT_AHP_2
1352750409480,0,localhost CPU mongod,,,,,true,0,0,0,0,ACCT_AHP_2
1352750410480,18930,localhost CPU TOTAL,,,,,true,0,0,0,0,ACCT_AHP_2
1352750410480,0,localhost CPU mongod,,,,,true,0,0,0,0,ACCT_AHP_2
1352750411481,21291,localhost CPU TOTAL,,,,,true,0,0,0,0,ACCT_AHP_2
1352750411481,0,localhost CPU mongod,,,,,true,0,0,0,0,ACCT_AHP_2
1352750412481,18377,localhost CPU TOTAL,,,,,true,0,0,0,0,ACCT_AHP_2
1352750412481,0,localhost CPU mongod,,,,,true,0,0,0,0,ACCT_AHP_2
1352750413481,16363,localhost CPU TOTAL,,,,,true,0,0,0,0,ACCT_AHP_2
1352750413481,0,localhost CPU mongod,,,,,true,0,0,0,0,ACCT_AHP_2
1352750414482,22529,localhost CPU TOTAL,,,,,true,0,0,0,0,ACCT_AHP_2
1352750414483,0,localhost CPU mongod,,,,,true,0,0,0,0,ACCT_AHP_2
1352750415483,25311,localhost CPU TOTAL,,,,,true,0,0,0,0,ACCT_AHP_2
1352750415483,0,localhost CPU mongod,,,,,true,0,0,0,0,ACCT_AHP_2
1352750416483,17889,localhost CPU TOTAL,,,,,true,0,0,0,0,ACCT_AHP_2
1352750416484,0,localhost CPU mongod,,,,,true,0,0,0,0,ACCT_AHP_2
1352750417485,16020,localhost CPU TOTAL,,,,,true,0,0,0,0,ACCT_AHP_2
1352750417485,0,localhost CPU mongod,,,,,true,0,0,0,0,ACCT_AHP_2
1352750418485,22086,localhost CPU TOTAL,,,,,true,0,0,0,0,ACCT_AHP_2
1352750418485,0,localhost CPU mongod,,,,,true,0,0,0,0,ACCT_AHP_2
1352750419485,26564,localhost CPU TOTAL,,,,,true,0,0,0,0,ACCT_AHP_2
1352750419486,0,localhost CPU mongod,,,,,true,0,0,0,0,ACCT_AHP_2
1352750420486,16917,localhost CPU TOTAL,,,,,true,0,0,0,0,ACCT_AHP_2
1352750420486,0,localhost CPU mongod,,,,,true,0,0,0,0,ACCT_AHP_2
1352750421487,18211,localhost CPU TOTAL,,,,,true,0,0,0,0,ACCT_AHP_2
1352750421487,0,localhost CPU mongod,,,,,true,0,0,0,0,ACCT_AHP_2
1352750422487,22967,localhost CPU TOTAL,,,,,true,0,0,0,0,ACCT_AHP_2
1352750422488,0,localhost CPU mongod,,,,,true,0,0,0,0,ACCT_AHP_2
1352750423488,17115,localhost CPU TOTAL,,,,,true,0,0,0,0,ACCT_AHP_2
1352750423488,0,localhost CPU mongod,,,,,true,0,0,0,0,ACCT_AHP_2
1352750424488,19082,localhost CPU TOTAL,,,,,true,0,0,0,0,ACCT_AHP_2
1352750424488,0,localhost CPU mongod,,,,,true,0,0,0,0,ACCT_AHP_2
1352750425489,15871,localhost CPU TOTAL,,,,,true,0,0,0,0,ACCT_AHP_2
1352750425490,0,localhost CPU mongod,,,,,true,0,0,0,0,ACCT_AHP_2
1352750426490,17580,localhost CPU TOTAL,,,,,true,0,0,0,0,ACCT_AHP_2
1352750426491,0,localhost CPU mongod,,,,,true,0,0,0,0,ACCT_AHP_2
1352750427491,18159,localhost CPU TOTAL,,,,,true,0,0,0,0,ACCT_AHP_2
1352750427492,0,localhost CPU mongod,,,,,true,0,0,0,0,ACCT_AHP_2
1352750428492,16344,localhost CPU TOTAL,,,,,true,0,0,0,0,ACCT_AHP_2
1352750428492,0,localhost CPU mongod,,,,,true,0,0,0,0,ACCT_AHP_2
1352750429492,20823,localhost CPU TOTAL,,,,,true,0,0,0,0,ACCT_AHP_2
1352750429492,1600,localhost CPU mongod,,,,,true,0,0,0,0,ACCT_AHP_2
1352750430492,19378,localhost CPU TOTAL,,,,,true,0,0,0,0,ACCT_AHP_2
1352750430492,1500,localhost CPU mongod,,,,,true,0,0,0,0,ACCT_AHP_2
1352750431493,19751,localhost CPU TOTAL,,,,,true,0,0,0,0,ACCT_AHP_2
1352750431493,1598,localhost CPU mongod,,,,,true,0,0,0,0,ACCT_AHP_2
1352750432493,16024,localhost CPU TOTAL,,,,,true,0,0,0,0,ACCT_AHP_2
1352750432494,1600,localhost CPU mongod,,,,,true,0,0,0,0,ACCT_AHP_2
1352750433494,19133,localhost CPU TOTAL,,,,,true,0,0,0,0,ACCT_AHP_2
1352750433494,0,localhost CPU mongod,,,,,true,0,0,0,0,ACCT_AHP_2
1352750434495,19133,localhost CPU TOTAL,,,,,true,0,0,0,0,ACCT_AHP_2
1352750434495,0,localhost CPU mongod,,,,,true,0,0,0,0,ACCT_AHP_2
1352750435495,20648,localhost CPU TOTAL,,,,,true,0,0,0,0,ACCT_AHP_2
1352750435495,0,localhost CPU mongod,,,,,true,0,0,0,0,ACCT_AHP_2
1352750436495,27335,localhost CPU TOTAL,,,,,true,0,0,0,0,ACCT_AHP_2
1352750436496,0,localhost CPU mongod,,,,,true,0,0,0,0,ACCT_AHP_2
1352750437496,13623,localhost CPU TOTAL,,,,,true,0,0,0,0,ACCT_AHP_2
1352750437497,0,localhost CPU mongod,,,,,true,0,0,0,0,ACCT_AHP_2
1352750438498,16424,localhost CPU TOTAL,,,,,true,0,0,0,0,ACCT_AHP_2
1352750438499,0,localhost CPU mongod,,,,,true,0,0,0,0,ACCT_AHP_2
1352750439499,17956,localhost CPU TOTAL,,,,,true,0,0,0,0,ACCT_AHP_2
1352750439500,0,localhost CPU mongod,,,,,true,0,0,0,0,ACCT_AHP_2
1352750440500,20149,localhost CPU TOTAL,,,,,true,0,0,0,0,ACCT_AHP_2
1352750440500,0,localhost CPU mongod,,,,,true,0,0,0,0,ACCT_AHP_2
1352750441500,15602,localhost CPU TOTAL,,,,,true,0,0,0,0,ACCT_AHP_2
1352750441500,1500,localhost CPU mongod,,,,,true,0,0,0,0,ACCT_AHP_2
1352750442500,20330,localhost CPU TOTAL,,,,,true,0,0,0,0,ACCT_AHP_2
1352750442500,1600,localhost CPU mongod,,,,,true,0,0,0,0,ACCT_AHP_2
1352750443500,21482,localhost CPU TOTAL,,,,,true,0,0,0,0,ACCT_AHP_2
1352750443501,0,localhost CPU mongod,,,,,true,0,0,0,0,ACCT_AHP_2
1352750444501,17976,localhost CPU TOTAL,,,,,true,0,0,0,0,ACCT_AHP_2
1352750444502,0,localhost CPU mongod,,,,,true,0,0,0,0,ACCT_AHP_2
1352750445502,16212,localhost CPU TOTAL,,,,,true,0,0,0,0,ACCT_AHP_2
1352750445503,0,localhost CPU mongod,,,,,true,0,0,0,0,ACCT_AHP_2
1352750446503,16779,localhost CPU TOTAL,,,,,true,0,0,0,0,ACCT_AHP_2
1352750446504,0,localhost CPU mongod,,,,,true,0,0,0,0,ACCT_AHP_2
1352750447504,19554,localhost CPU TOTAL,,,,,true,0,0,0,0,ACCT_AHP_2
1352750447505,0,localhost CPU mongod,,,,,true,0,0,0,0,ACCT_AHP_2
1352750448505,21002,localhost CPU TOTAL,,,,,true,0,0,0,0,ACCT_AHP_2
1352750448505,0,localhost CPU mongod,,,,,true,0,0,0,0,ACCT_AHP_2
1352750449506,18372,localhost CPU TOTAL,,,,,true,0,0,0,0,ACCT_AHP_2
1352750449506,0,localhost CPU mongod,,,,,true,0,0,0,0,ACCT_AHP_2
1352750450507,16357,localhost CPU TOTAL,,,,,true,0,0,0,0,ACCT_AHP_2
1352750450508,0,localhost CPU mongod,,,,,true,0,0,0,0,ACCT_AHP_2
1352750451508,21432,localhost CPU TOTAL,,,,,true,0,0,0,0,ACCT_AHP_2
1352750451508,0,localhost CPU mongod,,,,,true,0,0,0,0,ACCT_AHP_2
1352750452508,21316,localhost CPU TOTAL,,,,,true,0,0,0,0,ACCT_AHP_2
1352750452509,0,localhost CPU mongod,,,,,true,0,0,0,0,ACCT_AHP_2
1352750453509,26540,localhost CPU TOTAL,,,,,true,0,0,0,0,ACCT_AHP_2
1352750453509,0,localhost CPU mongod,,,,,true,0,0,0,0,ACCT_AHP_2
1352750454509,21097,localhost CPU TOTAL,,,,,true,0,0,0,0,ACCT_AHP_2
1352750454509,0,localhost CPU mongod,,,,,true,0,0,0,0,ACCT_AHP_2
1352750455509,16016,localhost CPU TOTAL,,,,,true,0,0,0,0,ACCT_AHP_2
1352750455510,0,localhost CPU mongod,,,,,true,0,0,0,0,ACCT_AHP_2
1352750456510,30120,localhost CPU TOTAL,,,,,true,0,0,0,0,ACCT_AHP_2
1352750456511,1500,localhost CPU mongod,,,,,true,0,0,0,0,ACCT_AHP_2
1352750457511,14504,localhost CPU TOTAL,,,,,true,0,0,0,0,ACCT_AHP_2
1352750457512,0,localhost CPU mongod,,,,,true,0,0,0,0,ACCT_AHP_2
1352750458512,16733,localhost CPU TOTAL,,,,,true,0,0,0,0,ACCT_AHP_2
1352750458512,0,localhost CPU mongod,,,,,true,0,0,0,0,ACCT_AHP_2
1352750459512,13298,localhost CPU TOTAL,,,,,true,0,0,0,0,ACCT_AHP_2
1352750459512,0,localhost CPU mongod,,,,,true,0,0,0,0,ACCT_AHP_2
1352750460512,20894,localhost CPU TOTAL,,,,,true,0,0,0,0,ACCT_AHP_2
1352750460512,0,localhost CPU mongod,,,,,true,0,0,0,0,ACCT_AHP_2
1352750461513,21007,localhost CPU TOTAL,,,,,true,0,0,0,0,ACCT_AHP_2
1352750461514,0,localhost CPU mongod,,,,,true,0,0,0,0,ACCT_AHP_2
1352750462514,17767,localhost CPU TOTAL,,,,,true,0,0,0,0,ACCT_AHP_2
1352750462514,0,localhost CPU mongod,,,,,true,0,0,0,0,ACCT_AHP_2
1352750463514,17972,localhost CPU TOTAL,,,,,true,0,0,0,0,ACCT_AHP_2
1352750463515,0,localhost CPU mongod,,,,,true,0,0,0,0,ACCT_AHP_2
1352750464515,16386,localhost CPU TOTAL,,,,,true,0,0,0,0,ACCT_AHP_2
1352750464515,0,localhost CPU mongod,,,,,true,0,0,0,0,ACCT_AHP_2
1352750465515,21714,localhost CPU TOTAL,,,,,true,0,0,0,0,ACCT_AHP_2
1352750465515,0,localhost CPU mongod,,,,,true,0,0,0,0,ACCT_AHP_2
1352750466516,21655,localhost CPU TOTAL,,,,,true,0,0,0,0,ACCT_AHP_2
1352750466517,0,localhost CPU mongod,,,,,true,0,0,0,0,ACCT_AHP_2
1352750467517,20875,localhost CPU TOTAL,,,,,true,0,0,0,0,ACCT_AHP_2
1352750467518,0,localhost CPU mongod,,,,,true,0,0,0,0,ACCT_AHP_2
1352750468524,19282,localhost CPU TOTAL,,,,,true,0,0,0,0,ACCT_AHP_2
1352750468524,0,localhost CPU mongod,,,,,true,0,0,0,0,ACCT_AHP_2
1352750469530,12118,localhost CPU TOTAL,,,,,true,0,0,0,0,ACCT_AHP_2
1352750469531,0,localhost CPU mongod,,,,,true,0,0,0,0,ACCT_AHP_2
1352750470532,24611,localhost CPU TOTAL,,,,,true,0,0,0,0,ACCT_AHP_2
1352750470533,0,localhost CPU mongod,,,,,true,0,0,0,0,ACCT_AHP_2
1352750471533,13251,localhost CPU TOTAL,,,,,true,0,0,0,0,ACCT_AHP_2
1352750471533,0,localhost CPU mongod,,,,,true,0,0,0,0,ACCT_AHP_2
1352750472533,27023,localhost CPU TOTAL,,,,,true,0,0,0,0,ACCT_AHP_2
1352750472533,1600,localhost CPU mongod,,,,,true,0,0,0,0,ACCT_AHP_2
1352750473533,18288,localhost CPU TOTAL,,,,,true,0,0,0,0,ACCT_AHP_2
1352750473534,0,localhost CPU mongod,,,,,true,0,0,0,0,ACCT_AHP_2
1352750474534,16863,localhost CPU TOTAL,,,,,true,0,0,0,0,ACCT_AHP_2
1352750474534,0,localhost CPU mongod,,,,,true,0,0,0,0,ACCT_AHP_2
1352750475534,18593,localhost CPU TOTAL,,,,,true,0,0,0,0,ACCT_AHP_2
1352750475535,0,localhost CPU mongod,,,,,true,0,0,0,0,ACCT_AHP_2
1352750476535,18163,localhost CPU TOTAL,,,,,true,0,0,0,0,ACCT_AHP_2
1352750476536,0,localhost CPU mongod,,,,,true,0,0,0,0,ACCT_AHP_2
1352750477536,13594,localhost CPU TOTAL,,,,,true,0,0,0,0,ACCT_AHP_2
1352750477536,0,localhost CPU mongod,,,,,true,0,0,0,0,ACCT_AHP_2
1352750478538,20648,localhost CPU TOTAL,,,,,true,0,0,0,0,ACCT_AHP_2
1352750478540,0,localhost CPU mongod,,,,,true,0,0,0,0,ACCT_AHP_2
1352750479541,26066,localhost CPU TOTAL,,,,,true,0,0,0,0,ACCT_AHP_2
1352750479542,0,localhost CPU mongod,,,,,true,0,0,0,0,ACCT_AHP_2
1352750480542,16737,localhost CPU TOTAL,,,,,true,0,0,0,0,ACCT_AHP_2
1352750480542,0,localhost CPU mongod,,,,,true,0,0,0,0,ACCT_AHP_2
1352750481542,17767,localhost CPU TOTAL,,,,,true,0,0,0,0,ACCT_AHP_2
1352750481543,0,localhost CPU mongod,,,,,true,0,0,0,0,ACCT_AHP_2
1352750482543,21067,localhost CPU TOTAL,,,,,true,0,0,0,0,ACCT_AHP_2
1352750482543,0,localhost CPU mongod,,,,,true,0,0,0,0,ACCT_AHP_2
1352750483544,20731,localhost CPU TOTAL,,,,,true,0,0,0,0,ACCT_AHP_2
1352750483544,0,localhost CPU mongod,,,,,true,0,0,0,0,ACCT_AHP_2
1352750484545,21877,localhost CPU TOTAL,,,,,true,0,0,0,0,ACCT_AHP_2
1352750484545,0,localhost CPU mongod,,,,,true,0,0,0,0,ACCT_AHP_2
1352750485546,20154,localhost CPU TOTAL,,,,,true,0,0,0,0,ACCT_AHP_2
1352750485546,0,localhost CPU mongod,,,,,true,0,0,0,0,ACCT_AHP_2
1352750486546,21101,localhost CPU TOTAL,,,,,true,0,0,0,0,ACCT_AHP_2
1352750486546,0,localhost CPU mongod,,,,,true,0,0,0,0,ACCT_AHP_2
1352750487546,14829,localhost CPU TOTAL,,,,,true,0,0,0,0,ACCT_AHP_2
1352750487546,0,localhost CPU mongod,,,,,true,0,0,0,0,ACCT_AHP_2
1352750488546,16779,localhost CPU TOTAL,,,,,true,0,0,0,0,ACCT_AHP_2
1352750488547,0,localhost CPU mongod,,,,,true,0,0,0,0,ACCT_AHP_2
1352750489547,15644,localhost CPU TOTAL,,,,,true,0,0,0,0,ACCT_AHP_2
1352750489547,0,localhost CPU mongod,,,,,true,0,0,0,0,ACCT_AHP_2
1352750490547,29118,localhost CPU TOTAL,,,,,true,0,0,0,0,ACCT_AHP_2
1352750490547,0,localhost CPU mongod,,,,,true,0,0,0,0,ACCT_AHP_2
1352750491547,20711,localhost CPU TOTAL,,,,,true,0,0,0,0,ACCT_AHP_2
1352750491547,0,localhost CPU mongod,,,,,true,0,0,0,0,ACCT_AHP_2
1352750492547,14906,localhost CPU TOTAL,,,,,true,0,0,0,0,ACCT_AHP_2
1352750492547,0,localhost CPU mongod,,,,,true,0,0,0,0,ACCT_AHP_2
1352750493547,23993,localhost CPU TOTAL,,,,,true,0,0,0,0,ACCT_AHP_2
1352750493548,0,localhost CPU mongod,,,,,true,0,0,0,0,ACCT_AHP_2
1352750494548,20725,localhost CPU TOTAL,,,,,true,0,0,0,0,ACCT_AHP_2
1352750494549,0,localhost CPU mongod,,,,,true,0,0,0,0,ACCT_AHP_2
1352750495549,26983,localhost CPU TOTAL,,,,,true,0,0,0,0,ACCT_AHP_2
1352750495549,1600,localhost CPU mongod,,,,,true,0,0,0,0,ACCT_AHP_2
1352750496549,25331,localhost CPU TOTAL,,,,,true,0,0,0,0,ACCT_AHP_2
1352750496550,0,localhost CPU mongod,,,,,true,0,0,0,0,ACCT_AHP_2
1352750497550,20480,localhost CPU TOTAL,,,,,true,0,0,0,0,ACCT_AHP_2
1352750497550,0,localhost CPU mongod,,,,,true,0,0,0,0,ACCT_AHP_2
1352750498550,17510,localhost CPU TOTAL,,,,,true,0,0,0,0,ACCT_AHP_2
1352750498550,1500,localhost CPU mongod,,,,,true,0,0,0,0,ACCT_AHP_2
1352750499550,16650,localhost CPU TOTAL,,,,,true,0,0,0,0,ACCT_AHP_2
1352750499551,1500,localhost CPU mongod,,,,,true,0,0,0,0,ACCT_AHP_2
1352750500551,21487,localhost CPU TOTAL,,,,,true,0,0,0,0,ACCT_AHP_2
1352750500551,0,localhost CPU mongod,,,,,true,0,0,0,0,ACCT_AHP_2
1352750501552,19761,localhost CPU TOTAL,,,,,true,0,0,0,0,ACCT_AHP_2
1352750501552,0,localhost CPU mongod,,,,,true,0,0,0,0,ACCT_AHP_2
1352750502552,16913,localhost CPU TOTAL,,,,,true,0,0,0,0,ACCT_AHP_2
1352750502552,0,localhost CPU mongod,,,,,true,0,0,0,0,ACCT_AHP_2
1352750503553,21371,localhost CPU TOTAL,,,,,true,0,0,0,0,ACCT_AHP_2
1352750503554,0,localhost CPU mongod,,,,,true,0,0,0,0,ACCT_AHP_2
1352750504554,14847,localhost CPU TOTAL,,,,,true,0,0,0,0,ACCT_AHP_2
1352750504554,0,localhost CPU mongod,,,,,true,0,0,0,0,ACCT_AHP_2
1352750505554,17868,localhost CPU TOTAL,,,,,true,0,0,0,0,ACCT_AHP_2
1352750505558,0,localhost CPU mongod,,,,,true,0,0,0,0,ACCT_AHP_2
1352750506558,20628,localhost CPU TOTAL,,,,,true,0,0,0,0,ACCT_AHP_2
1352750506558,0,localhost CPU mongod,,,,,true,0,0,0,0,ACCT_AHP_2
1352750507558,14847,localhost CPU TOTAL,,,,,true,0,0,0,0,ACCT_AHP_2
1352750507559,0,localhost CPU mongod,,,,,true,0,0,0,0,ACCT_AHP_2
1352750508559,14850,localhost CPU TOTAL,,,,,true,0,0,0,0,ACCT_AHP_2
1352750508559,0,localhost CPU mongod,,,,,true,0,0,0,0,ACCT_AHP_2
1352750509560,13667,localhost CPU TOTAL,,,,,true,0,0,0,0,ACCT_AHP_2
1352750509560,0,localhost CPU mongod,,,,,true,0,0,0,0,ACCT_AHP_2
1352750510560,19493,localhost CPU TOTAL,,,,,true,0,0,0,0,ACCT_AHP_2
1352750510560,0,localhost CPU mongod,,,,,true,0,0,0,0,ACCT_AHP_2
1352750511561,17041,localhost CPU TOTAL,,,,,true,0,0,0,0,ACCT_AHP_2
1352750511561,0,localhost CPU mongod,,,,,true,0,0,0,0,ACCT_AHP_2
1352750512561,23931,localhost CPU TOTAL,,,,,true,0,0,0,0,ACCT_AHP_2
1352750512561,1600,localhost CPU mongod,,,,,true,0,0,0,0,ACCT_AHP_2
1352750513561,16277,localhost CPU TOTAL,,,,,true,0,0,0,0,ACCT_AHP_2
1352750513561,0,localhost CPU mongod,,,,,true,0,0,0,0,ACCT_AHP_2
1352750514561,17972,localhost CPU TOTAL,,,,,true,0,0,0,0,ACCT_AHP_2
1352750514561,0,localhost CPU mongod,,,,,true,0,0,0,0,ACCT_AHP_2
1352750515561,20671,localhost CPU TOTAL,,,,,true,0,0,0,0,ACCT_AHP_2
1352750515561,0,localhost CPU mongod,,,,,true,0,0,0,0,ACCT_AHP_2
1352750516562,19791,localhost CPU TOTAL,,,,,true,0,0,0,0,ACCT_AHP_2
1352750516562,1600,localhost CPU mongod,,,,,true,0,0,0,0,ACCT_AHP_2
1352750517562,18283,localhost CPU TOTAL,,,,,true,0,0,0,0,ACCT_AHP_2
1352750517562,0,localhost CPU mongod,,,,,true,0,0,0,0,ACCT_AHP_2
1352750518563,19311,localhost CPU TOTAL,,,,,true,0,0,0,0,ACCT_AHP_2
1352750518563,0,localhost CPU mongod,,,,,true,0,0,0,0,ACCT_AHP_2
1352750519564,12912,localhost CPU TOTAL,,,,,true,0,0,0,0,ACCT_AHP_2
1352750519564,0,localhost CPU mongod,,,,,true,0,0,0,0,ACCT_AHP_2
1352750520564,24241,localhost CPU TOTAL,,,,,true,0,0,0,0,ACCT_AHP_2
1352750520564,0,localhost CPU mongod,,,,,true,0,0,0,0,ACCT_AHP_2
1352750521565,24673,localhost CPU TOTAL,,,,,true,0,0,0,0,ACCT_AHP_2
1352750521565,1600,localhost CPU mongod,,,,,true,0,0,0,0,ACCT_AHP_2
1352750522566,14788,localhost CPU TOTAL,,,,,true,0,0,0,0,ACCT_AHP_2
1352750522566,0,localhost CPU mongod,,,,,true,0,0,0,0,ACCT_AHP_2
1352750523566,14371,localhost CPU TOTAL,,,,,true,0,0,0,0,ACCT_AHP_2
1352750523566,0,localhost CPU mongod,,,,,true,0,0,0,0,ACCT_AHP_2
1352750524566,27521,localhost CPU TOTAL,,,,,true,0,0,0,0,ACCT_AHP_2
1352750524566,1500,localhost CPU mongod,,,,,true,0,0,0,0,ACCT_AHP_2
1352750525566,18304,localhost CPU TOTAL,,,,,true,0,0,0,0,ACCT_AHP_2
1352750525566,0,localhost CPU mongod,,,,,true,0,0,0,0,ACCT_AHP_2
1352750526566,23446,localhost CPU TOTAL,,,,,true,0,0,0,0,ACCT_AHP_2
1352750526566,3100,localhost CPU mongod,,,,,true,0,0,0,0,ACCT_AHP_2
1352750527566,22653,localhost CPU TOTAL,,,,,true,0,0,0,0,ACCT_AHP_2
1352750527566,3100,localhost CPU mongod,,,,,true,0,0,0,0,ACCT_AHP_2
1352750528566,11695,localhost CPU TOTAL,,,,,true,0,0,0,0,ACCT_AHP_2
1352750528566,0,localhost CPU mongod,,,,,true,0,0,0,0,ACCT_AHP_2
1352750529566,15602,localhost CPU TOTAL,,,,,true,0,0,0,0,ACCT_AHP_2
1352750529566,0,localhost CPU mongod,,,,,true,0,0,0,0,ACCT_AHP_2
1352750530566,15105,localhost CPU TOTAL,,,,,true,0,0,0,0,ACCT_AHP_2
1352750530566,0,localhost CPU mongod,,,,,true,0,0,0,0,ACCT_AHP_2
1352750531567,34413,localhost CPU TOTAL,,,,,true,0,0,0,0,ACCT_AHP_2
1352750531567,0,localhost CPU mongod,,,,,true,0,0,0,0,ACCT_AHP_2
1352750532568,23009,localhost CPU TOTAL,,,,,true,0,0,0,0,ACCT_AHP_2
1352750532568,0,localhost CPU mongod,,,,,true,0,0,0,0,ACCT_AHP_2
1352750533568,16407,localhost CPU TOTAL,,,,,true,0,0,0,0,ACCT_AHP_2
1352750533568,0,localhost CPU mongod,,,,,true,0,0,0,0,ACCT_AHP_2
1352750534569,15627,localhost CPU TOTAL,,,,,true,0,0,0,0,ACCT_AHP_2
1352750534569,0,localhost CPU mongod,,,,,true,0,0,0,0,ACCT_AHP_2
1352750535569,23415,localhost CPU TOTAL,,,,,true,0,0,0,0,ACCT_AHP_2
1352750535569,0,localhost CPU mongod,,,,,true,0,0,0,0,ACCT_AHP_2
1352750536570,22106,localhost CPU TOTAL,,,,,true,0,0,0,0,ACCT_AHP_2
1352750536570,0,localhost CPU mongod,,,,,true,0,0,0,0,ACCT_AHP_2
1352750537570,24513,localhost CPU TOTAL,,,,,true,0,0,0,0,ACCT_AHP_2
1352750537571,0,localhost CPU mongod,,,,,true,0,0,0,0,ACCT_AHP_2
1352750538571,18712,localhost CPU TOTAL,,,,,true,0,0,0,0,ACCT_AHP_2
1352750538571,0,localhost CPU mongod,,,,,true,0,0,0,0,ACCT_AHP_2
1352750539572,15359,localhost CPU TOTAL,,,,,true,0,0,0,0,ACCT_AHP_2
1352750539572,0,localhost CPU mongod,,,,,true,0,0,0,0,ACCT_AHP_2
1352750540573,17642,localhost CPU TOTAL,,,,,true,0,0,0,0,ACCT_AHP_2
1352750540574,0,localhost CPU mongod,,,,,true,0,0,0,0,ACCT_AHP_2
1352750541574,19383,localhost CPU TOTAL,,,,,true,0,0,0,0,ACCT_AHP_2
1352750541575,0,localhost CPU mongod,,,,,true,0,0,0,0,ACCT_AHP_2
1352750542575,19623,localhost CPU TOTAL,,,,,true,0,0,0,0,ACCT_AHP_2
1352750542576,0,localhost CPU mongod,,,,,true,0,0,0,0,ACCT_AHP_2
1352750543576,19416,localhost CPU TOTAL,,,,,true,0,0,0,0,ACCT_AHP_2
1352750543576,0,localhost CPU mongod,,,,,true,0,0,0,0,ACCT_AHP_2
1352750544576,27741,localhost CPU TOTAL,,,,,true,0,0,0,0,ACCT_AHP_2
1352750544576,0,localhost CPU mongod,,,,,true,0,0,0,0,ACCT_AHP_2
1352750545577,15875,localhost CPU TOTAL,,,,,true,0,0,0,0,ACCT_AHP_2
1352750545578,0,localhost CPU mongod,,,,,true,0,0,0,0,ACCT_AHP_2
1352750546578,18748,localhost CPU TOTAL,,,,,true,0,0,0,0,ACCT_AHP_2
1352750546578,0,localhost CPU mongod,,,,,true,0,0,0,0,ACCT_AHP_2
1352750547578,17918,localhost CPU TOTAL,,,,,true,0,0,0,0,ACCT_AHP_2
1352750547579,1600,localhost CPU mongod,,,,,true,0,0,0,0,ACCT_AHP_2
1352750548579,15557,localhost CPU TOTAL,,,,,true,0,0,0,0,ACCT_AHP_2
1352750548580,0,localhost CPU mongod,,,,,true,0,0,0,0,ACCT_AHP_2
1352750549580,22224,localhost CPU TOTAL,,,,,true,0,0,0,0,ACCT_AHP_2
1352750549580,0,localhost CPU mongod,,,,,true,0,0,0,0,ACCT_AHP_2
1352750550580,17718,localhost CPU TOTAL,,,,,true,0,0,0,0,ACCT_AHP_2
1352750550580,0,localhost CPU mongod,,,,,true,0,0,0,0,ACCT_AHP_2
1352750551581,20924,localhost CPU TOTAL,,,,,true,0,0,0,0,ACCT_AHP_2
1352750551581,0,localhost CPU mongod,,,,,true,0,0,0,0,ACCT_AHP_2
1352750552581,23823,localhost CPU TOTAL,,,,,true,0,0,0,0,ACCT_AHP_2
1352750552581,0,localhost CPU mongod,,,,,true,0,0,0,0,ACCT_AHP_2
1352750553582,22186,localhost CPU TOTAL,,,,,true,0,0,0,0,ACCT_AHP_2
1352750553582,0,localhost CPU mongod,,,,,true,0,0,0,0,ACCT_AHP_2
1352750554584,23328,localhost CPU TOTAL,,,,,true,0,0,0,0,ACCT_AHP_2
1352750554584,0,localhost CPU mongod,,,,,true,0,0,0,0,ACCT_AHP_2
1352750555584,28117,localhost CPU TOTAL,,,,,true,0,0,0,0,ACCT_AHP_2
1352750555584,0,localhost CPU mongod,,,,,true,0,0,0,0,ACCT_AHP_2
1352750556584,26084,localhost CPU TOTAL,,,,,true,0,0,0,0,ACCT_AHP_2
1352750556584,0,localhost CPU mongod,,,,,true,0,0,0,0,ACCT_AHP_2
1352750557584,25692,localhost CPU TOTAL,,,,,true,0,0,0,0,ACCT_AHP_2
1352750557584,0,localhost CPU mongod,,,,,true,0,0,0,0,ACCT_AHP_2
1352750558585,21070,localhost CPU TOTAL,,,,,true,0,0,0,0,ACCT_AHP_2
1352750558585,0,localhost CPU mongod,,,,,true,0,0,0,0,ACCT_AHP_2
1352750559585,22568,localhost CPU TOTAL,,,,,true,0,0,0,0,ACCT_AHP_2
1352750559586,0,localhost CPU mongod,,,,,true,0,0,0,0,ACCT_AHP_2
1352750560586,15610,localhost CPU TOTAL,,,,,true,0,0,0,0,ACCT_AHP_2
1352750560586,0,localhost CPU mongod,,,,,true,0,0,0,0,ACCT_AHP_2
1352750561586,17244,localhost CPU TOTAL,,,,,true,0,0,0,0,ACCT_AHP_2
1352750561587,0,localhost CPU mongod,,,,,true,0,0,0,0,ACCT_AHP_2
1352750562587,21042,localhost CPU TOTAL,,,,,true,0,0,0,0,ACCT_AHP_2
1352750562587,0,localhost CPU mongod,,,,,true,0,0,0,0,ACCT_AHP_2
1352750563587,17090,localhost CPU TOTAL,,,,,true,0,0,0,0,ACCT_AHP_2
1352750563587,1600,localhost CPU mongod,,,,,true,0,0,0,0,ACCT_AHP_2
1352750564588,14443,localhost CPU TOTAL,,,,,true,0,0,0,0,ACCT_AHP_2
1352750564588,0,localhost CPU mongod,,,,,true,0,0,0,0,ACCT_AHP_2
1352750565589,18308,localhost CPU TOTAL,,,,,true,0,0,0,0,ACCT_AHP_2
1352750565590,0,localhost CPU mongod,,,,,true,0,0,0,0,ACCT_AHP_2
1352750566590,18288,localhost CPU TOTAL,,,,,true,0,0,0,0,ACCT_AHP_2
1352750566590,0,localhost CPU mongod,,,,,true,0,0,0,0,ACCT_AHP_2
1352750567590,17457,localhost CPU TOTAL,,,,,true,0,0,0,0,ACCT_AHP_2
1352750567591,0,localhost CPU mongod,,,,,true,0,0,0,0,ACCT_AHP_2
1352750568591,15939,localhost CPU TOTAL,,,,,true,0,0,0,0,ACCT_AHP_2
1352750568591,0,localhost CPU mongod,,,,,true,0,0,0,0,ACCT_AHP_2
1352750569591,28507,localhost CPU TOTAL,,,,,true,0,0,0,0,ACCT_AHP_2
1352750569591,0,localhost CPU mongod,,,,,true,0,0,0,0,ACCT_AHP_2
1352750570592,16355,localhost CPU TOTAL,,,,,true,0,0,0,0,ACCT_AHP_2
1352750570592,0,localhost CPU mongod,,,,,true,0,0,0,0,ACCT_AHP_2
1352750571594,16007,localhost CPU TOTAL,,,,,true,0,0,0,0,ACCT_AHP_2
1352750571594,0,localhost CPU mongod,,,,,true,0,0,0,0,ACCT_AHP_2
1352750572595,22664,localhost CPU TOTAL,,,,,true,0,0,0,0,ACCT_AHP_2
1352750572596,0,localhost CPU mongod,,,,,true,0,0,0,0,ACCT_AHP_2
1352750573596,20992,localhost CPU TOTAL,,,,,true,0,0,0,0,ACCT_AHP_2
1352750573597,0,localhost CPU mongod,,,,,true,0,0,0,0,ACCT_AHP_2
1352750574597,18687,localhost CPU TOTAL,,,,,true,0,0,0,0,ACCT_AHP_2
1352750574598,0,localhost CPU mongod,,,,,true,0,0,0,0,ACCT_AHP_2
1352750575598,21507,localhost CPU TOTAL,,,,,true,0,0,0,0,ACCT_AHP_2
1352750575599,0,localhost CPU mongod,,,,,true,0,0,0,0,ACCT_AHP_2
1352750576599,15623,localhost CPU TOTAL,,,,,true,0,0,0,0,ACCT_AHP_2
1352750576600,1600,localhost CPU mongod,,,,,true,0,0,0,0,ACCT_AHP_2
1352750577600,26176,localhost CPU TOTAL,,,,,true,0,0,0,0,ACCT_AHP_2
1352750577600,0,localhost CPU mongod,,,,,true,0,0,0,0,ACCT_AHP_2
1352750578600,12002,localhost CPU TOTAL,,,,,true,0,0,0,0,ACCT_AHP_2
1352750578601,0,localhost CPU mongod,,,,,true,0,0,0,0,ACCT_AHP_2
1352750579601,23797,localhost CPU TOTAL,,,,,true,0,0,0,0,ACCT_AHP_2
1352750579602,0,localhost CPU mongod,,,,,true,0,0,0,0,ACCT_AHP_2
1352750580602,18658,localhost CPU TOTAL,,,,,true,0,0,0,0,ACCT_AHP_2
1352750580602,0,localhost CPU mongod,,,,,true,0,0,0,0,ACCT_AHP_2
1352750581603,18768,localhost CPU TOTAL,,,,,true,0,0,0,0,ACCT_AHP_2
1352750581603,0,localhost CPU mongod,,,,,true,0,0,0,0,ACCT_AHP_2
1352750582604,17965,localhost CPU TOTAL,,,,,true,0,0,0,0,ACCT_AHP_2
1352750582604,0,localhost CPU mongod,,,,,true,0,0,0,0,ACCT_AHP_2
1352750583605,26182,localhost CPU TOTAL,,,,,true,0,0,0,0,ACCT_AHP_2
1352750583606,1498,localhost CPU mongod,,,,,true,0,0,0,0,ACCT_AHP_2
1352750584606,14843,localhost CPU TOTAL,,,,,true,0,0,0,0,ACCT_AHP_2
1352750584607,0,localhost CPU mongod,,,,,true,0,0,0,0,ACCT_AHP_2
1352750585607,18687,localhost CPU TOTAL,,,,,true,0,0,0,0,ACCT_AHP_2
1352750585607,0,localhost CPU mongod,,,,,true,0,0,0,0,ACCT_AHP_2
1352750586608,18539,localhost CPU TOTAL,,,,,true,0,0,0,0,ACCT_AHP_2
1352750586608,1500,localhost CPU mongod,,,,,true,0,0,0,0,ACCT_AHP_2
1352750587609,17642,localhost CPU TOTAL,,,,,true,0,0,0,0,ACCT_AHP_2
1352750587609,0,localhost CPU mongod,,,,,true,0,0,0,0,ACCT_AHP_2
1352750588609,28011,localhost CPU TOTAL,,,,,true,0,0,0,0,ACCT_AHP_2
1352750588609,0,localhost CPU mongod,,,,,true,0,0,0,0,ACCT_AHP_2
1352750589610,27238,localhost CPU TOTAL,,,,,true,0,0,0,0,ACCT_AHP_2
1352750589610,1598,localhost CPU mongod,,,,,true,0,0,0,0,ACCT_AHP_2
1352750590610,16399,localhost CPU TOTAL,,,,,true,0,0,0,0,ACCT_AHP_2
1352750590610,0,localhost CPU mongod,,,,,true,0,0,0,0,ACCT_AHP_2
1352750591610,19133,localhost CPU TOTAL,,,,,true,0,0,0,0,ACCT_AHP_2
1352750591610,0,localhost CPU mongod,,,,,true,0,0,0,0,ACCT_AHP_2
1352750592611,18773,localhost CPU TOTAL,,,,,true,0,0,0,0,ACCT_AHP_2
1352750592612,0,localhost CPU mongod,,,,,true,0,0,0,0,ACCT_AHP_2
1352750593612,26553,localhost CPU TOTAL,,,,,true,0,0,0,0,ACCT_AHP_2
1352750593612,1500,localhost CPU mongod,,,,,true,0,0,0,0,ACCT_AHP_2
1352750594612,17576,localhost CPU TOTAL,,,,,true,0,0,0,0,ACCT_AHP_2
1352750594612,0,localhost CPU mongod,,,,,true,0,0,0,0,ACCT_AHP_2
1352750595612,20019,localhost CPU TOTAL,,,,,true,0,0,0,0,ACCT_AHP_2
1352750595612,0,localhost CPU mongod,,,,,true,0,0,0,0,ACCT_AHP_2
1352750596613,15678,localhost CPU TOTAL,,,,,true,0,0,0,0,ACCT_AHP_2
1352750596613,0,localhost CPU mongod,,,,,true,0,0,0,0,ACCT_AHP_2
1352750597613,19815,localhost CPU TOTAL,,,,,true,0,0,0,0,ACCT_AHP_2
1352750597613,1600,localhost CPU mongod,,,,,true,0,0,0,0,ACCT_AHP_2
1352750598614,23479,localhost CPU TOTAL,,,,,true,0,0,0,0,ACCT_AHP_2
1352750598614,0,localhost CPU mongod,,,,,true,0,0,0,0,ACCT_AHP_2
1352750599615,23216,localhost CPU TOTAL,,,,,true,0,0,0,0,ACCT_AHP_2
1352750599615,0,localhost CPU mongod,,,,,true,0,0,0,0,ACCT_AHP_2
1352750600617,19534,localhost CPU TOTAL,,,,,true,0,0,0,0,ACCT_AHP_2
1352750600617,0,localhost CPU mongod,,,,,true,0,0,0,0,ACCT_AHP_2
1352750601617,18976,localhost CPU TOTAL,,,,,true,0,0,0,0,ACCT_AHP_2
1352750601617,0,localhost CPU mongod,,,,,true,0,0,0,0,ACCT_AHP_2
1352750602617,21126,localhost CPU TOTAL,,,,,true,0,0,0,0,ACCT_AHP_2
1352750602617,0,localhost CPU mongod,,,,,true,0,0,0,0,ACCT_AHP_2
1352750603618,21086,localhost CPU TOTAL,,,,,true,0,0,0,0,ACCT_AHP_2
1352750603619,0,localhost CPU mongod,,,,,true,0,0,0,0,ACCT_AHP_2
1352750604619,25388,localhost CPU TOTAL,,,,,true,0,0,0,0,ACCT_AHP_2
1352750604620,0,localhost CPU mongod,,,,,true,0,0,0,0,ACCT_AHP_2
1352750605620,17380,localhost CPU TOTAL,,,,,true,0,0,0,0,ACCT_AHP_2
1352750605620,0,localhost CPU mongod,,,,,true,0,0,0,0,ACCT_AHP_2
1352750606621,20603,localhost CPU TOTAL,,,,,true,0,0,0,0,ACCT_AHP_2
1352750606621,0,localhost CPU mongod,,,,,true,0,0,0,0,ACCT_AHP_2
1352750607621,26103,localhost CPU TOTAL,,,,,true,0,0,0,0,ACCT_AHP_2
1352750607621,0,localhost CPU mongod,,,,,true,0,0,0,0,ACCT_AHP_2
1352750608624,14825,localhost CPU TOTAL,,,,,true,0,0,0,0,ACCT_AHP_2
1352750608625,0,localhost CPU mongod,,,,,true,0,0,0,0,ACCT_AHP_2
1352750609625,22293,localhost CPU TOTAL,,,,,true,0,0,0,0,ACCT_AHP_2
1352750609626,0,localhost CPU mongod,,,,,true,0,0,0,0,ACCT_AHP_2
1352750610626,17127,localhost CPU TOTAL,,,,,true,0,0,0,0,ACCT_AHP_2
1352750610626,0,localhost CPU mongod,,,,,true,0,0,0,0,ACCT_AHP_2
1352750611626,22959,localhost CPU TOTAL,,,,,true,0,0,0,0,ACCT_AHP_2
1352750611627,0,localhost CPU mongod,,,,,true,0,0,0,0,ACCT_AHP_2
1352750612627,23810,localhost CPU TOTAL,,,,,true,0,0,0,0,ACCT_AHP_2
1352750612627,1600,localhost CPU mongod,,,,,true,0,0,0,0,ACCT_AHP_2
1352750613628,19835,localhost CPU TOTAL,,,,,true,0,0,0,0,ACCT_AHP_2
1352750613628,0,localhost CPU mongod,,,,,true,0,0,0,0,ACCT_AHP_2
1352750614629,19420,localhost CPU TOTAL,,,,,true,0,0,0,0,ACCT_AHP_2
1352750614630,0,localhost CPU mongod,,,,,true,0,0,0,0,ACCT_AHP_2
1352750615630,36318,localhost CPU TOTAL,,,,,true,0,0,0,0,ACCT_AHP_2
1352750615630,0,localhost CPU mongod,,,,,true,0,0,0,0,ACCT_AHP_2
1352750616630,24120,localhost CPU TOTAL,,,,,true,0,0,0,0,ACCT_AHP_2
1352750616630,0,localhost CPU mongod,,,,,true,0,0,0,0,ACCT_AHP_2
1352750617630,20204,localhost CPU TOTAL,,,,,true,0,0,0,0,ACCT_AHP_2
1352750617630,0,localhost CPU mongod,,,,,true,0,0,0,0,ACCT_AHP_2
1352750618630,26739,localhost CPU TOTAL,,,,,true,0,0,0,0,ACCT_AHP_2
1352750618631,1500,localhost CPU mongod,,,,,true,0,0,0,0,ACCT_AHP_2
1352750619631,20968,localhost CPU TOTAL,,,,,true,0,0,0,0,ACCT_AHP_2
1352750619631,0,localhost CPU mongod,,,,,true,0,0,0,0,ACCT_AHP_2
1352750620632,22917,localhost CPU TOTAL,,,,,true,0,0,0,0,ACCT_AHP_2
1352750620632,0,localhost CPU mongod,,,,,true,0,0,0,0,ACCT_AHP_2
1352750621632,20159,localhost CPU TOTAL,,,,,true,0,0,0,0,ACCT_AHP_2
1352750621632,0,localhost CPU mongod,,,,,true,0,0,0,0,ACCT_AHP_2
1352750622635,15833,localhost CPU TOTAL,,,,,true,0,0,0,0,ACCT_AHP_2
1352750622636,0,localhost CPU mongod,,,,,true,0,0,0,0,ACCT_AHP_2
1352750623636,25198,localhost CPU TOTAL,,,,,true,0,0,0,0,ACCT_AHP_2
1352750623636,0,localhost CPU mongod,,,,,true,0,0,0,0,ACCT_AHP_2
1352750624637,17880,localhost CPU TOTAL,,,,,true,0,0,0,0,ACCT_AHP_2
1352750624638,0,localhost CPU mongod,,,,,true,0,0,0,0,ACCT_AHP_2
1352750625638,20628,localhost CPU TOTAL,,,,,true,0,0,0,0,ACCT_AHP_2
1352750625638,1601,localhost CPU mongod,,,,,true,0,0,0,0,ACCT_AHP_2
1352750626638,15211,localhost CPU TOTAL,,,,,true,0,0,0,0,ACCT_AHP_2
1352750626639,0,localhost CPU mongod,,,,,true,0,0,0,0,ACCT_AHP_2
1352750627640,23390,localhost CPU TOTAL,,,,,true,0,0,0,0,ACCT_AHP_2
1352750627641,1500,localhost CPU mongod,,,,,true,0,0,0,0,ACCT_AHP_2
1352750628641,21407,localhost CPU TOTAL,,,,,true,0,0,0,0,ACCT_AHP_2
1352750628641,0,localhost CPU mongod,,,,,true,0,0,0,0,ACCT_AHP_2
1352750629641,18236,localhost CPU TOTAL,,,,,true,0,0,0,0,ACCT_AHP_2
1352750629641,0,localhost CPU mongod,,,,,true,0,0,0,0,ACCT_AHP_2
1352750630641,23034,localhost CPU TOTAL,,,,,true,0,0,0,0,ACCT_AHP_2
1352750630641,0,localhost CPU mongod,,,,,true,0,0,0,0,ACCT_AHP_2
1352750631641,10540,localhost CPU TOTAL,,,,,true,0,0,0,0,ACCT_AHP_2
1352750631641,0,localhost CPU mongod,,,,,true,0,0,0,0,ACCT_AHP_2
1352750632641,29625,localhost CPU TOTAL,,,,,true,0,0,0,0,ACCT_AHP_2
1352750632641,0,localhost CPU mongod,,,,,true,0,0,0,0,ACCT_AHP_2
1352750633641,16816,localhost CPU TOTAL,,,,,true,0,0,0,0,ACCT_AHP_2
1352750633641,0,localhost CPU mongod,,,,,true,0,0,0,0,ACCT_AHP_2
1352750634641,19850,localhost CPU TOTAL,,,,,true,0,0,0,0,ACCT_AHP_2
1352750634641,0,localhost CPU mongod,,,,,true,0,0,0,0,ACCT_AHP_2
1352750635641,13692,localhost CPU TOTAL,,,,,true,0,0,0,0,ACCT_AHP_2
1352750635641,0,localhost CPU mongod,,,,,true,0,0,0,0,ACCT_AHP_2
1352750636641,19456,localhost CPU TOTAL,,,,,true,0,0,0,0,ACCT_AHP_2
1352750636641,0,localhost CPU mongod,,,,,true,0,0,0,0,ACCT_AHP_2
1352750637662,20671,localhost CPU TOTAL,,,,,true,0,0,0,0,ACCT_AHP_2
1352750637662,0,localhost CPU mongod,,,,,true,0,0,0,0,ACCT_AHP_2
1352750638663,29184,localhost CPU TOTAL,,,,,true,0,0,0,0,ACCT_AHP_2
1352750638663,1600,localhost CPU mongod,,,,,true,0,0,0,0,ACCT_AHP_2
1352750639663,24243,localhost CPU TOTAL,,,,,true,0,0,0,0,ACCT_AHP_2
1352750639663,0,localhost CPU mongod,,,,,true,0,0,0,0,ACCT_AHP_2
1352750640663,15631,localhost CPU TOTAL,,,,,true,0,0,0,0,ACCT_AHP_2
1352750640664,0,localhost CPU mongod,,,,,true,0,0,0,0,ACCT_AHP_2
1352750641665,24476,localhost CPU TOTAL,,,,,true,0,0,0,0,ACCT_AHP_2
1352750641666,0,localhost CPU mongod,,,,,true,0,0,0,0,ACCT_AHP_2
1352750642666,17697,localhost CPU TOTAL,,,,,true,0,0,0,0,ACCT_AHP_2
1352750642666,0,localhost CPU mongod,,,,,true,0,0,0,0,ACCT_AHP_2
1352750643666,28298,localhost CPU TOTAL,,,,,true,0,0,0,0,ACCT_AHP_2
1352750643666,0,localhost CPU mongod,,,,,true,0,0,0,0,ACCT_AHP_2
1352750644666,30091,localhost CPU TOTAL,,,,,true,0,0,0,0,ACCT_AHP_2
1352750644666,0,localhost CPU mongod,,,,,true,0,0,0,0,ACCT_AHP_2
1352750645666,16783,localhost CPU TOTAL,,,,,true,0,0,0,0,ACCT_AHP_2
1352750645667,0,localhost CPU mongod,,,,,true,0,0,0,0,ACCT_AHP_2
1352750646667,27601,localhost CPU TOTAL,,,,,true,0,0,0,0,ACCT_AHP_2
1352750646667,0,localhost CPU mongod,,,,,true,0,0,0,0,ACCT_AHP_2
1352750647667,21776,localhost CPU TOTAL,,,,,true,0,0,0,0,ACCT_AHP_2
1352750647667,0,localhost CPU mongod,,,,,true,0,0,0,0,ACCT_AHP_2
1352750648668,23460,localhost CPU TOTAL,,,,,true,0,0,0,0,ACCT_AHP_2
1352750648668,0,localhost CPU mongod,,,,,true,0,0,0,0,ACCT_AHP_2
1352750649669,16403,localhost CPU TOTAL,,,,,true,0,0,0,0,ACCT_AHP_2
1352750649670,0,localhost CPU mongod,,,,,true,0,0,0,0,ACCT_AHP_2
1352750650670,21496,localhost CPU TOTAL,,,,,true,0,0,0,0,ACCT_AHP_2
1352750650670,1600,localhost CPU mongod,,,,,true,0,0,0,0,ACCT_AHP_2
1352750651671,17051,localhost CPU TOTAL,,,,,true,0,0,0,0,ACCT_AHP_2
1352750651671,0,localhost CPU mongod,,,,,true,0,0,0,0,ACCT_AHP_2
1352750652671,23235,localhost CPU TOTAL,,,,,true,0,0,0,0,ACCT_AHP_2
1352750652671,1500,localhost CPU mongod,,,,,true,0,0,0,0,ACCT_AHP_2
1352750653671,20330,localhost CPU TOTAL,,,,,true,0,0,0,0,ACCT_AHP_2
1352750653674,1600,localhost CPU mongod,,,,,true,0,0,0,0,ACCT_AHP_2
1352750654678,21857,localhost CPU TOTAL,,,,,true,0,0,0,0,ACCT_AHP_2
1352750654679,0,localhost CPU mongod,,,,,true,0,0,0,0,ACCT_AHP_2
1352750655679,48241,localhost CPU TOTAL,,,,,true,0,0,0,0,ACCT_AHP_2
1352750655679,0,localhost CPU mongod,,,,,true,0,0,0,0,ACCT_AHP_2
1352750656679,14788,localhost CPU TOTAL,,,,,true,0,0,0,0,ACCT_AHP_2
1352750656680,0,localhost CPU mongod,,,,,true,0,0,0,0,ACCT_AHP_2
1352750657680,20325,localhost CPU TOTAL,,,,,true,0,0,0,0,ACCT_AHP_2
1352750657680,0,localhost CPU mongod,,,,,true,0,0,0,0,ACCT_AHP_2
1352750658682,19388,localhost CPU TOTAL,,,,,true,0,0,0,0,ACCT_AHP_2
1352750658683,0,localhost CPU mongod,,,,,true,0,0,0,0,ACCT_AHP_2
1352750659683,20681,localhost CPU TOTAL,,,,,true,0,0,0,0,ACCT_AHP_2
1352750659683,1598,localhost CPU mongod,,,,,true,0,0,0,0,ACCT_AHP_2
1352750660684,23010,localhost CPU TOTAL,,,,,true,0,0,0,0,ACCT_AHP_2
1352750660684,0,localhost CPU mongod,,,,,true,0,0,0,0,ACCT_AHP_2
1352750661685,16825,localhost CPU TOTAL,,,,,true,0,0,0,0,ACCT_AHP_2
1352750661685,0,localhost CPU mongod,,,,,true,0,0,0,0,ACCT_AHP_2
1352750662685,23558,localhost CPU TOTAL,,,,,true,0,0,0,0,ACCT_AHP_2
1352750662685,0,localhost CPU mongod,,,,,true,0,0,0,0,ACCT_AHP_2
1352750663685,17889,localhost CPU TOTAL,,,,,true,0,0,0,0,ACCT_AHP_2
1352750663686,0,localhost CPU mongod,,,,,true,0,0,0,0,ACCT_AHP_2
1352750664686,20259,localhost CPU TOTAL,,,,,true,0,0,0,0,ACCT_AHP_2
1352750664686,0,localhost CPU mongod,,,,,true,0,0,0,0,ACCT_AHP_2
1352750665686,29972,localhost CPU TOTAL,,,,,true,0,0,0,0,ACCT_AHP_2
1352750665686,0,localhost CPU mongod,,,,,true,0,0,0,0,ACCT_AHP_2
1352750666686,19072,localhost CPU TOTAL,,,,,true,0,0,0,0,ACCT_AHP_2
1352750666686,1600,localhost CPU mongod,,,,,true,0,0,0,0,ACCT_AHP_2
1352750667686,24179,localhost CPU TOTAL,,,,,true,0,0,0,0,ACCT_AHP_2
1352750667686,0,localhost CPU mongod,,,,,true,0,0,0,0,ACCT_AHP_2
1352750668686,18377,localhost CPU TOTAL,,,,,true,0,0,0,0,ACCT_AHP_2
1352750668686,0,localhost CPU mongod,,,,,true,0,0,0,0,ACCT_AHP_2
1352750669687,22484,localhost CPU TOTAL,,,,,true,0,0,0,0,ACCT_AHP_2
1352750669687,0,localhost CPU mongod,,,,,true,0,0,0,0,ACCT_AHP_2
1352750670688,25782,localhost CPU TOTAL,,,,,true,0,0,0,0,ACCT_AHP_2
1352750670688,0,localhost CPU mongod,,,,,true,0,0,0,0,ACCT_AHP_2
1352750671688,24095,localhost CPU TOTAL,,,,,true,0,0,0,0,ACCT_AHP_2
1352750671688,0,localhost CPU mongod,,,,,true,0,0,0,0,ACCT_AHP_2
1352750672689,24636,localhost CPU TOTAL,,,,,true,0,0,0,0,ACCT_AHP_2
1352750672689,0,localhost CPU mongod,,,,,true,0,0,0,0,ACCT_AHP_2
1352750673690,21277,localhost CPU TOTAL,,,,,true,0,0,0,0,ACCT_AHP_2
1352750673690,0,localhost CPU mongod,,,,,true,0,0,0,0,ACCT_AHP_2
1352750674691,13248,localhost CPU TOTAL,,,,,true,0,0,0,0,ACCT_AHP_2
1352750674691,0,localhost CPU mongod,,,,,true,0,0,0,0,ACCT_AHP_2
1352750675691,26564,localhost CPU TOTAL,,,,,true,0,0,0,0,ACCT_AHP_2
1352750675691,1500,localhost CPU mongod,,,,,true,0,0,0,0,ACCT_AHP_2
1352750676692,31904,localhost CPU TOTAL,,,,,true,0,0,0,0,ACCT_AHP_2
1352750676692,0,localhost CPU mongod,,,,,true,0,0,0,0,ACCT_AHP_2
1352750677692,15820,localhost CPU TOTAL,,,,,true,0,0,0,0,ACCT_AHP_2
1352750677692,0,localhost CPU mongod,,,,,true,0,0,0,0,ACCT_AHP_2
1352750678693,28911,localhost CPU TOTAL,,,,,true,0,0,0,0,ACCT_AHP_2
1352750678693,0,localhost CPU mongod,,,,,true,0,0,0,0,ACCT_AHP_2
1352750679693,17461,localhost CPU TOTAL,,,,,true,0,0,0,0,ACCT_AHP_2
1352750679693,0,localhost CPU mongod,,,,,true,0,0,0,0,ACCT_AHP_2
1352750680694,26035,localhost CPU TOTAL,,,,,true,0,0,0,0,ACCT_AHP_2
1352750680694,0,localhost CPU mongod,,,,,true,0,0,0,0,ACCT_AHP_2
1352750681694,21526,localhost CPU TOTAL,,,,,true,0,0,0,0,ACCT_AHP_2
1352750681694,3100,localhost CPU mongod,,,,,true,0,0,0,0,ACCT_AHP_2
1352750682695,20184,localhost CPU TOTAL,,,,,true,0,0,0,0,ACCT_AHP_2
1352750682695,0,localhost CPU mongod,,,,,true,0,0,0,0,ACCT_AHP_2
1352750683695,19026,localhost CPU TOTAL,,,,,true,0,0,0,0,ACCT_AHP_2
1352750683695,0,localhost CPU mongod,,,,,true,0,0,0,0,ACCT_AHP_2
1352750684695,21482,localhost CPU TOTAL,,,,,true,0,0,0,0,ACCT_AHP_2
1352750684695,1600,localhost CPU mongod,,,,,true,0,0,0,0,ACCT_AHP_2
1352750685695,19052,localhost CPU TOTAL,,,,,true,0,0,0,0,ACCT_AHP_2
1352750685695,0,localhost CPU mongod,,,,,true,0,0,0,0,ACCT_AHP_2
1352750686695,25593,localhost CPU TOTAL,,,,,true,0,0,0,0,ACCT_AHP_2
1352750686696,0,localhost CPU mongod,,,,,true,0,0,0,0,ACCT_AHP_2
1352750687696,25648,localhost CPU TOTAL,,,,,true,0,0,0,0,ACCT_AHP_2
1352750687697,1500,localhost CPU mongod,,,,,true,0,0,0,0,ACCT_AHP_2
1352750688697,14486,localhost CPU TOTAL,,,,,true,0,0,0,0,ACCT_AHP_2
1352750688698,0,localhost CPU mongod,,,,,true,0,0,0,0,ACCT_AHP_2
1352750689698,21582,localhost CPU TOTAL,,,,,true,0,0,0,0,ACCT_AHP_2
1352750689698,0,localhost CPU mongod,,,,,true,0,0,0,0,ACCT_AHP_2
1352750690698,14338,localhost CPU TOTAL,,,,,true,0,0,0,0,ACCT_AHP_2
1352750690698,0,localhost CPU mongod,,,,,true,0,0,0,0,ACCT_AHP_2
1352750691698,29600,localhost CPU TOTAL,,,,,true,0,0,0,0,ACCT_AHP_2
1352750691698,0,localhost CPU mongod,,,,,true,0,0,0,0,ACCT_AHP_2
1352750692698,23341,localhost CPU TOTAL,,,,,true,0,0,0,0,ACCT_AHP_2
1352750692700,0,localhost CPU mongod,,,,,true,0,0,0,0,ACCT_AHP_2
1352750693702,21838,localhost CPU TOTAL,,,,,true,0,0,0,0,ACCT_AHP_2
1352750693702,0,localhost CPU mongod,,,,,true,0,0,0,0,ACCT_AHP_2
1352750694703,20731,localhost CPU TOTAL,,,,,true,0,0,0,0,ACCT_AHP_2
1352750694703,0,localhost CPU mongod,,,,,true,0,0,0,0,ACCT_AHP_2
1352750695704,16580,localhost CPU TOTAL,,,,,true,0,0,0,0,ACCT_AHP_2
1352750695704,0,localhost CPU mongod,,,,,true,0,0,0,0,ACCT_AHP_2
1352750696705,19031,localhost CPU TOTAL,,,,,true,0,0,0,0,ACCT_AHP_2
1352750696706,0,localhost CPU mongod,,,,,true,0,0,0,0,ACCT_AHP_2
1352750697706,29947,localhost CPU TOTAL,,,,,true,0,0,0,0,ACCT_AHP_2
1352750697706,1600,localhost CPU mongod,,,,,true,0,0,0,0,ACCT_AHP_2
1352750698707,30349,localhost CPU TOTAL,,,,,true,0,0,0,0,ACCT_AHP_2
1352750698707,0,localhost CPU mongod,,,,,true,0,0,0,0,ACCT_AHP_2
1352750699708,18930,localhost CPU TOTAL,,,,,true,0,0,0,0,ACCT_AHP_2
1352750699708,1600,localhost CPU mongod,,,,,true,0,0,0,0,ACCT_AHP_2
1352750700709,25012,localhost CPU TOTAL,,,,,true,0,0,0,0,ACCT_AHP_2
1352750700709,0,localhost CPU mongod,,,,,true,0,0,0,0,ACCT_AHP_2
1352750701709,33464,localhost CPU TOTAL,,,,,true,0,0,0,0,ACCT_AHP_2
1352750701709,0,localhost CPU mongod,,,,,true,0,0,0,0,ACCT_AHP_2
1352750702710,64720,localhost CPU TOTAL,,,,,true,0,0,0,0,ACCT_AHP_2
1352750702710,1500,localhost CPU mongod,,,,,true,0,0,0,0,ACCT_AHP_2
1352750703710,52341,localhost CPU TOTAL,,,,,true,0,0,0,0,ACCT_AHP_2
1352750703710,0,localhost CPU mongod,,,,,true,0,0,0,0,ACCT_AHP_2
1352750704710,45910,localhost CPU TOTAL,,,,,true,0,0,0,0,ACCT_AHP_2
1352750704710,0,localhost CPU mongod,,,,,true,0,0,0,0,ACCT_AHP_2
1352750705710,21153,localhost CPU TOTAL,,,,,true,0,0,0,0,ACCT_AHP_2
1352750705710,0,localhost CPU mongod,,,,,true,0,0,0,0,ACCT_AHP_2
1352750706710,31112,localhost CPU TOTAL,,,,,true,0,0,0,0,ACCT_AHP_2
1352750706710,1500,localhost CPU mongod,,,,,true,0,0,0,0,ACCT_AHP_2
1352750707711,21101,localhost CPU TOTAL,,,,,true,0,0,0,0,ACCT_AHP_2
1352750707711,0,localhost CPU mongod,,,,,true,0,0,0,0,ACCT_AHP_2
1352750708712,14774,localhost CPU TOTAL,,,,,true,0,0,0,0,ACCT_AHP_2
1352750708713,0,localhost CPU mongod,,,,,true,0,0,0,0,ACCT_AHP_2
1352750709713,17592,localhost CPU TOTAL,,,,,true,0,0,0,0,ACCT_AHP_2
1352750709713,0,localhost CPU mongod,,,,,true,0,0,0,0,ACCT_AHP_2
1352750710714,24618,localhost CPU TOTAL,,,,,true,0,0,0,0,ACCT_AHP_2
1352750710714,0,localhost CPU mongod,,,,,true,0,0,0,0,ACCT_AHP_2
1352750711716,15606,localhost CPU TOTAL,,,,,true,0,0,0,0,ACCT_AHP_2
1352750711717,0,localhost CPU mongod,,,,,true,0,0,0,0,ACCT_AHP_2
1352750712717,20178,localhost CPU TOTAL,,,,,true,0,0,0,0,ACCT_AHP_2
1352750712718,0,localhost CPU mongod,,,,,true,0,0,0,0,ACCT_AHP_2
1352750713718,29659,localhost CPU TOTAL,,,,,true,0,0,0,0,ACCT_AHP_2
1352750713718,0,localhost CPU mongod,,,,,true,0,0,0,0,ACCT_AHP_2
1352750714720,25807,localhost CPU TOTAL,,,,,true,0,0,0,0,ACCT_AHP_2
1352750714720,0,localhost CPU mongod,,,,,true,0,0,0,0,ACCT_AHP_2
1352750715720,19461,localhost CPU TOTAL,,,,,true,0,0,0,0,ACCT_AHP_2
1352750715720,0,localhost CPU mongod,,,,,true,0,0,0,0,ACCT_AHP_2
1352750716721,29932,localhost CPU TOTAL,,,,,true,0,0,0,0,ACCT_AHP_2
1352750716721,0,localhost CPU mongod,,,,,true,0,0,0,0,ACCT_AHP_2
1352750717721,32835,localhost CPU TOTAL,,,,,true,0,0,0,0,ACCT_AHP_2
1352750717721,1567,localhost CPU mongod,,,,,true,0,0,0,0,ACCT_AHP_2
1352750718722,22208,localhost CPU TOTAL,,,,,true,0,0,0,0,ACCT_AHP_2
1352750718722,0,localhost CPU mongod,,,,,true,0,0,0,0,ACCT_AHP_2
1352750719722,16317,localhost CPU TOTAL,,,,,true,0,0,0,0,ACCT_AHP_2
1352750719722,0,localhost CPU mongod,,,,,true,0,0,0,0,ACCT_AHP_2
1352750720723,21092,localhost CPU TOTAL,,,,,true,0,0,0,0,ACCT_AHP_2
1352750720723,1600,localhost CPU mongod,,,,,true,0,0,0,0,ACCT_AHP_2
1352750721724,18693,localhost CPU TOTAL,,,,,true,0,0,0,0,ACCT_AHP_2
1352750721724,0,localhost CPU mongod,,,,,true,0,0,0,0,ACCT_AHP_2
1352750722725,20010,localhost CPU TOTAL,,,,,true,0,0,0,0,ACCT_AHP_2
1352750722725,0,localhost CPU mongod,,,,,true,0,0,0,0,ACCT_AHP_2
1352750723725,36567,localhost CPU TOTAL,,,,,true,0,0,0,0,ACCT_AHP_2
1352750723726,0,localhost CPU mongod,,,,,true,0,0,0,0,ACCT_AHP_2
1352750724726,40799,localhost CPU TOTAL,,,,,true,0,0,0,0,ACCT_AHP_2
1352750724726,1600,localhost CPU mongod,,,,,true,0,0,0,0,ACCT_AHP_2
1352750725726,16621,localhost CPU TOTAL,,,,,true,0,0,0,0,ACCT_AHP_2
1352750725726,0,localhost CPU mongod,,,,,true,0,0,0,0,ACCT_AHP_2
1352750726726,22593,localhost CPU TOTAL,,,,,true,0,0,0,0,ACCT_AHP_2
1352750726726,0,localhost CPU mongod,,,,,true,0,0,0,0,ACCT_AHP_2
1352750727727,34376,localhost CPU TOTAL,,,,,true,0,0,0,0,ACCT_AHP_2
1352750727727,0,localhost CPU mongod,,,,,true,0,0,0,0,ACCT_AHP_2
1352750728728,31147,localhost CPU TOTAL,,,,,true,0,0,0,0,ACCT_AHP_2
1352750728728,0,localhost CPU mongod,,,,,true,0,0,0,0,ACCT_AHP_2
1352750729732,15441,localhost CPU TOTAL,,,,,true,0,0,0,0,ACCT_AHP_2
1352750729732,0,localhost CPU mongod,,,,,true,0,0,0,0,ACCT_AHP_2
1352750730733,20789,localhost CPU TOTAL,,,,,true,0,0,0,0,ACCT_AHP_2
1352750730733,0,localhost CPU mongod,,,,,true,0,0,0,0,ACCT_AHP_2
1352750731733,23001,localhost CPU TOTAL,,,,,true,0,0,0,0,ACCT_AHP_2
1352750731733,0,localhost CPU mongod,,,,,true,0,0,0,0,ACCT_AHP_2
1352750732733,22672,localhost CPU TOTAL,,,,,true,0,0,0,0,ACCT_AHP_2
1352750732733,0,localhost CPU mongod,,,,,true,0,0,0,0,ACCT_AHP_2
1352750733734,23721,localhost CPU TOTAL,,,,,true,0,0,0,0,ACCT_AHP_2
1352750733734,0,localhost CPU mongod,,,,,true,0,0,0,0,ACCT_AHP_2
1352750734743,24198,localhost CPU TOTAL,,,,,true,0,0,0,0,ACCT_AHP_2
1352750734744,0,localhost CPU mongod,,,,,true,0,0,0,0,ACCT_AHP_2
1352750735744,27766,localhost CPU TOTAL,,,,,true,0,0,0,0,ACCT_AHP_2
1352750735744,1500,localhost CPU mongod,,,,,true,0,0,0,0,ACCT_AHP_2
1352750736744,49788,localhost CPU TOTAL,,,,,true,0,0,0,0,ACCT_AHP_2
1352750736744,0,localhost CPU mongod,,,,,true,0,0,0,0,ACCT_AHP_2
1352750737745,24030,localhost CPU TOTAL,,,,,true,0,0,0,0,ACCT_AHP_2
1352750737747,0,localhost CPU mongod,,,,,true,0,0,0,0,ACCT_AHP_2
1352750738747,17039,localhost CPU TOTAL,,,,,true,0,0,0,0,ACCT_AHP_2
1352750738748,0,localhost CPU mongod,,,,,true,0,0,0,0,ACCT_AHP_2
1352750739748,41563,localhost CPU TOTAL,,,,,true,0,0,0,0,ACCT_AHP_2
1352750739748,1600,localhost CPU mongod,,,,,true,0,0,0,0,ACCT_AHP_2
1352750740748,37347,localhost CPU TOTAL,,,,,true,0,0,0,0,ACCT_AHP_2
1352750740748,0,localhost CPU mongod,,,,,true,0,0,0,0,ACCT_AHP_2
1352750741748,46167,localhost CPU TOTAL,,,,,true,0,0,0,0,ACCT_AHP_2
1352750741748,1500,localhost CPU mongod,,,,,true,0,0,0,0,ACCT_AHP_2
1352750742748,46078,localhost CPU TOTAL,,,,,true,0,0,0,0,ACCT_AHP_2
1352750742748,0,localhost CPU mongod,,,,,true,0,0,0,0,ACCT_AHP_2
1352750743748,30480,localhost CPU TOTAL,,,,,true,0,0,0,0,ACCT_AHP_2
1352750743748,0,localhost CPU mongod,,,,,true,0,0,0,0,ACCT_AHP_2
1352750744748,18757,localhost CPU TOTAL,,,,,true,0,0,0,0,ACCT_AHP_2
1352750744748,0,localhost CPU mongod,,,,,true,0,0,0,0,ACCT_AHP_2
1352750745748,30853,localhost CPU TOTAL,,,,,true,0,0,0,0,ACCT_AHP_2
1352750745748,3100,localhost CPU mongod,,,,,true,0,0,0,0,ACCT_AHP_2
1352750746749,25381,localhost CPU TOTAL,,,,,true,0,0,0,0,ACCT_AHP_2
1352750746749,0,localhost CPU mongod,,,,,true,0,0,0,0,ACCT_AHP_2
1352750747749,11889,localhost CPU TOTAL,,,,,true,0,0,0,0,ACCT_AHP_2
1352750747750,0,localhost CPU mongod,,,,,true,0,0,0,0,ACCT_AHP_2
1352750748750,26976,localhost CPU TOTAL,,,,,true,0,0,0,0,ACCT_AHP_2
1352750748750,0,localhost CPU mongod,,,,,true,0,0,0,0,ACCT_AHP_2
1352750749750,22560,localhost CPU TOTAL,,,,,true,0,0,0,0,ACCT_AHP_2
1352750749751,0,localhost CPU mongod,,,,,true,0,0,0,0,ACCT_AHP_2
1352750750751,18002,localhost CPU TOTAL,,,,,true,0,0,0,0,ACCT_AHP_2
1352750750752,0,localhost CPU mongod,,,,,true,0,0,0,0,ACCT_AHP_2
1352750751752,20521,localhost CPU TOTAL,,,,,true,0,0,0,0,ACCT_AHP_2
1352750751752,0,localhost CPU mongod,,,,,true,0,0,0,0,ACCT_AHP_2
1352750752752,28428,localhost CPU TOTAL,,,,,true,0,0,0,0,ACCT_AHP_2
1352750752752,0,localhost CPU mongod,,,,,true,0,0,0,0,ACCT_AHP_2
1352750753752,25375,localhost CPU TOTAL,,,,,true,0,0,0,0,ACCT_AHP_2
1352750753752,0,localhost CPU mongod,,,,,true,0,0,0,0,ACCT_AHP_2
1352750754752,19544,localhost CPU TOTAL,,,,,true,0,0,0,0,ACCT_AHP_2
1352750754752,0,localhost CPU mongod,,,,,true,0,0,0,0,ACCT_AHP_2
1352750755752,20682,localhost CPU TOTAL,,,,,true,0,0,0,0,ACCT_AHP_2
1352750755753,1593,localhost CPU mongod,,,,,true,0,0,0,0,ACCT_AHP_2
1352750756753,26250,localhost CPU TOTAL,,,,,true,0,0,0,0,ACCT_AHP_2
1352750756754,1600,localhost CPU mongod,,,,,true,0,0,0,0,ACCT_AHP_2
1352750757754,17510,localhost CPU TOTAL,,,,,true,0,0,0,0,ACCT_AHP_2
1352750757754,0,localhost CPU mongod,,,,,true,0,0,0,0,ACCT_AHP_2
1352750758755,16821,localhost CPU TOTAL,,,,,true,0,0,0,0,ACCT_AHP_2
1352750758755,0,localhost CPU mongod,,,,,true,0,0,0,0,ACCT_AHP_2
1352750759755,16007,localhost CPU TOTAL,,,,,true,0,0,0,0,ACCT_AHP_2
1352750759756,0,localhost CPU mongod,,,,,true,0,0,0,0,ACCT_AHP_2
1352750760756,38282,localhost CPU TOTAL,,,,,true,0,0,0,0,ACCT_AHP_2
1352750760757,0,localhost CPU mongod,,,,,true,0,0,0,0,ACCT_AHP_2
1352750761757,24482,localhost CPU TOTAL,,,,,true,0,0,0,0,ACCT_AHP_2
1352750761757,0,localhost CPU mongod,,,,,true,0,0,0,0,ACCT_AHP_2
1352750762757,21507,localhost CPU TOTAL,,,,,true,0,0,0,0,ACCT_AHP_2
1352750762758,0,localhost CPU mongod,,,,,true,0,0,0,0,ACCT_AHP_2
1352750763759,18321,localhost CPU TOTAL,,,,,true,0,0,0,0,ACCT_AHP_2
1352750763759,0,localhost CPU mongod,,,,,true,0,0,0,0,ACCT_AHP_2
1352750764759,21071,localhost CPU TOTAL,,,,,true,0,0,0,0,ACCT_AHP_2
1352750764759,0,localhost CPU mongod,,,,,true,0,0,0,0,ACCT_AHP_2
1352750765760,45547,localhost CPU TOTAL,,,,,true,0,0,0,0,ACCT_AHP_2
1352750765760,0,localhost CPU mongod,,,,,true,0,0,0,0,ACCT_AHP_2
1352750766760,16779,localhost CPU TOTAL,,,,,true,0,0,0,0,ACCT_AHP_2
1352750766760,1600,localhost CPU mongod,,,,,true,0,0,0,0,ACCT_AHP_2
1352750767760,16783,localhost CPU TOTAL,,,,,true,0,0,0,0,ACCT_AHP_2
1352750767760,0,localhost CPU mongod,,,,,true,0,0,0,0,ACCT_AHP_2
1352750768760,34351,localhost CPU TOTAL,,,,,true,0,0,0,0,ACCT_AHP_2
1352750768761,0,localhost CPU mongod,,,,,true,0,0,0,0,ACCT_AHP_2
1352750769761,31571,localhost CPU TOTAL,,,,,true,0,0,0,0,ACCT_AHP_2
1352750769761,0,localhost CPU mongod,,,,,true,0,0,0,0,ACCT_AHP_2
1352750770761,19378,localhost CPU TOTAL,,,,,true,0,0,0,0,ACCT_AHP_2
1352750770761,0,localhost CPU mongod,,,,,true,0,0,0,0,ACCT_AHP_2
1352750771761,26158,localhost CPU TOTAL,,,,,true,0,0,0,0,ACCT_AHP_2
1352750771761,1500,localhost CPU mongod,,,,,true,0,0,0,0,ACCT_AHP_2
1352750772761,33959,localhost CPU TOTAL,,,,,true,0,0,0,0,ACCT_AHP_2
1352750772761,1500,localhost CPU mongod,,,,,true,0,0,0,0,ACCT_AHP_2
1352750773761,17136,localhost CPU TOTAL,,,,,true,0,0,0,0,ACCT_AHP_2
1352750773761,0,localhost CPU mongod,,,,,true,0,0,0,0,ACCT_AHP_2
1352750774762,21795,localhost CPU TOTAL,,,,,true,0,0,0,0,ACCT_AHP_2
1352750774762,0,localhost CPU mongod,,,,,true,0,0,0,0,ACCT_AHP_2
1352750775762,38051,localhost CPU TOTAL,,,,,true,0,0,0,0,ACCT_AHP_2
1352750775762,0,localhost CPU mongod,,,,,true,0,0,0,0,ACCT_AHP_2
1352750776763,16563,localhost CPU TOTAL,,,,,true,0,0,0,0,ACCT_AHP_2
1352750776763,0,localhost CPU mongod,,,,,true,0,0,0,0,ACCT_AHP_2
1352750777763,28022,localhost CPU TOTAL,,,,,true,0,0,0,0,ACCT_AHP_2
1352750777763,0,localhost CPU mongod,,,,,true,0,0,0,0,ACCT_AHP_2
1352750778763,23315,localhost CPU TOTAL,,,,,true,0,0,0,0,ACCT_AHP_2
1352750778763,0,localhost CPU mongod,,,,,true,0,0,0,0,ACCT_AHP_2
1352750779764,21106,localhost CPU TOTAL,,,,,true,0,0,0,0,ACCT_AHP_2
1352750779764,0,localhost CPU mongod,,,,,true,0,0,0,0,ACCT_AHP_2
1352750780764,16424,localhost CPU TOTAL,,,,,true,0,0,0,0,ACCT_AHP_2
1352750780764,1598,localhost CPU mongod,,,,,true,0,0,0,0,ACCT_AHP_2
1352750781766,20588,localhost CPU TOTAL,,,,,true,0,0,0,0,ACCT_AHP_2
1352750781766,0,localhost CPU mongod,,,,,true,0,0,0,0,ACCT_AHP_2
1352750782767,18372,localhost CPU TOTAL,,,,,true,0,0,0,0,ACCT_AHP_2
1352750782767,0,localhost CPU mongod,,,,,true,0,0,0,0,ACCT_AHP_2
1352750783767,22484,localhost CPU TOTAL,,,,,true,0,0,0,0,ACCT_AHP_2
1352750783767,0,localhost CPU mongod,,,,,true,0,0,0,0,ACCT_AHP_2
1352750784767,30633,localhost CPU TOTAL,,,,,true,0,0,0,0,ACCT_AHP_2
1352750784767,0,localhost CPU mongod,,,,,true,0,0,0,0,ACCT_AHP_2
1352750785768,23146,localhost CPU TOTAL,,,,,true,0,0,0,0,ACCT_AHP_2
1352750785768,0,localhost CPU mongod,,,,,true,0,0,0,0,ACCT_AHP_2
1352750786768,14791,localhost CPU TOTAL,,,,,true,0,0,0,0,ACCT_AHP_2
1352750786768,0,localhost CPU mongod,,,,,true,0,0,0,0,ACCT_AHP_2
1352750787768,17884,localhost CPU TOTAL,,,,,true,0,0,0,0,ACCT_AHP_2
1352750787768,0,localhost CPU mongod,,,,,true,0,0,0,0,ACCT_AHP_2
1352750788768,25596,localhost CPU TOTAL,,,,,true,0,0,0,0,ACCT_AHP_2
1352750788768,0,localhost CPU mongod,,,,,true,0,0,0,0,ACCT_AHP_2
1352750789768,24388,localhost CPU TOTAL,,,,,true,0,0,0,0,ACCT_AHP_2
1352750789768,0,localhost CPU mongod,,,,,true,0,0,0,0,ACCT_AHP_2
1352750790768,26583,localhost CPU TOTAL,,,,,true,0,0,0,0,ACCT_AHP_2
1352750790768,1500,localhost CPU mongod,,,,,true,0,0,0,0,ACCT_AHP_2
1352750791768,16804,localhost CPU TOTAL,,,,,true,0,0,0,0,ACCT_AHP_2
1352750791768,0,localhost CPU mongod,,,,,true,0,0,0,0,ACCT_AHP_2
1352750792768,19914,localhost CPU TOTAL,,,,,true,0,0,0,0,ACCT_AHP_2
1352750792768,0,localhost CPU mongod,,,,,true,0,0,0,0,ACCT_AHP_2
1352750793769,14385,localhost CPU TOTAL,,,,,true,0,0,0,0,ACCT_AHP_2
1352750793769,0,localhost CPU mongod,,,,,true,0,0,0,0,ACCT_AHP_2
1352750794769,46307,localhost CPU TOTAL,,,,,true,0,0,0,0,ACCT_AHP_2
1352750794769,0,localhost CPU mongod,,,,,true,0,0,0,0,ACCT_AHP_2
1352750795769,25788,localhost CPU TOTAL,,,,,true,0,0,0,0,ACCT_AHP_2
1352750795769,0,localhost CPU mongod,,,,,true,0,0,0,0,ACCT_AHP_2
1352750796769,32710,localhost CPU TOTAL,,,,,true,0,0,0,0,ACCT_AHP_2
1352750796770,0,localhost CPU mongod,,,,,true,0,0,0,0,ACCT_AHP_2
1352750797770,19815,localhost CPU TOTAL,,,,,true,0,0,0,0,ACCT_AHP_2
1352750797770,1600,localhost CPU mongod,,,,,true,0,0,0,0,ACCT_AHP_2
1352750798771,21647,localhost CPU TOTAL,,,,,true,0,0,0,0,ACCT_AHP_2
1352750798771,0,localhost CPU mongod,,,,,true,0,0,0,0,ACCT_AHP_2
1352750799771,43976,localhost CPU TOTAL,,,,,true,0,0,0,0,ACCT_AHP_2
1352750799771,0,localhost CPU mongod,,,,,true,0,0,0,0,ACCT_AHP_2
1352750800772,21462,localhost CPU TOTAL,,,,,true,0,0,0,0,ACCT_AHP_2
1352750800774,0,localhost CPU mongod,,,,,true,0,0,0,0,ACCT_AHP_2
1352750801805,22263,localhost CPU TOTAL,,,,,true,0,0,0,0,ACCT_AHP_2
1352750801808,0,localhost CPU mongod,,,,,true,0,0,0,0,ACCT_AHP_2
1352750802809,19374,localhost CPU TOTAL,,,,,true,0,0,0,0,ACCT_AHP_2
1352750802810,0,localhost CPU mongod,,,,,true,0,0,0,0,ACCT_AHP_2
1352750803810,28428,localhost CPU TOTAL,,,,,true,0,0,0,0,ACCT_AHP_2
1352750803811,1600,localhost CPU mongod,,,,,true,0,0,0,0,ACCT_AHP_2
1352750804811,24981,localhost CPU TOTAL,,,,,true,0,0,0,0,ACCT_AHP_2
1352750804812,1498,localhost CPU mongod,,,,,true,0,0,0,0,ACCT_AHP_2
1352750805812,20229,localhost CPU TOTAL,,,,,true,0,0,0,0,ACCT_AHP_2
1352750805812,0,localhost CPU mongod,,,,,true,0,0,0,0,ACCT_AHP_2
1352750806813,17834,localhost CPU TOTAL,,,,,true,0,0,0,0,ACCT_AHP_2
1352750806813,0,localhost CPU mongod,,,,,true,0,0,0,0,ACCT_AHP_2
1352750807814,23222,localhost CPU TOTAL,,,,,true,0,0,0,0,ACCT_AHP_2
1352750807814,0,localhost CPU mongod,,,,,true,0,0,0,0,ACCT_AHP_2
1352750808815,21921,localhost CPU TOTAL,,,,,true,0,0,0,0,ACCT_AHP_2
1352750808815,0,localhost CPU mongod,,,,,true,0,0,0,0,ACCT_AHP_2
1352750809815,24893,localhost CPU TOTAL,,,,,true,0,0,0,0,ACCT_AHP_2
1352750809815,0,localhost CPU mongod,,,,,true,0,0,0,0,ACCT_AHP_2
1352750810815,21857,localhost CPU TOTAL,,,,,true,0,0,0,0,ACCT_AHP_2
1352750810815,0,localhost CPU mongod,,,,,true,0,0,0,0,ACCT_AHP_2
1352750811815,20209,localhost CPU TOTAL,,,,,true,0,0,0,0,ACCT_AHP_2
1352750811815,0,localhost CPU mongod,,,,,true,0,0,0,0,ACCT_AHP_2
1352750812815,14471,localhost CPU TOTAL,,,,,true,0,0,0,0,ACCT_AHP_2
1352750812815,0,localhost CPU mongod,,,,,true,0,0,0,0,ACCT_AHP_2
1352750813815,28135,localhost CPU TOTAL,,,,,true,0,0,0,0,ACCT_AHP_2
1352750813815,0,localhost CPU mongod,,,,,true,0,0,0,0,ACCT_AHP_2
1352750814815,37465,localhost CPU TOTAL,,,,,true,0,0,0,0,ACCT_AHP_2
1352750814815,0,localhost CPU mongod,,,,,true,0,0,0,0,ACCT_AHP_2
1352750815819,21795,localhost CPU TOTAL,,,,,true,0,0,0,0,ACCT_AHP_2
1352750815819,0,localhost CPU mongod,,,,,true,0,0,0,0,ACCT_AHP_2
1352750816820,20134,localhost CPU TOTAL,,,,,true,0,0,0,0,ACCT_AHP_2
1352750816820,0,localhost CPU mongod,,,,,true,0,0,0,0,ACCT_AHP_2
1352750817821,41046,localhost CPU TOTAL,,,,,true,0,0,0,0,ACCT_AHP_2
1352750817821,0,localhost CPU mongod,,,,,true,0,0,0,0,ACCT_AHP_2
1352750818822,11714,localhost CPU TOTAL,,,,,true,0,0,0,0,ACCT_AHP_2
1352750818822,0,localhost CPU mongod,,,,,true,0,0,0,0,ACCT_AHP_2
1352750819822,19975,localhost CPU TOTAL,,,,,true,0,0,0,0,ACCT_AHP_2
1352750819822,0,localhost CPU mongod,,,,,true,0,0,0,0,ACCT_AHP_2
1352750820823,27141,localhost CPU TOTAL,,,,,true,0,0,0,0,ACCT_AHP_2
1352750820823,0,localhost CPU mongod,,,,,true,0,0,0,0,ACCT_AHP_2
1352750821824,33483,localhost CPU TOTAL,,,,,true,0,0,0,0,ACCT_AHP_2
1352750821824,0,localhost CPU mongod,,,,,true,0,0,0,0,ACCT_AHP_2
1352750822825,25540,localhost CPU TOTAL,,,,,true,0,0,0,0,ACCT_AHP_2
1352750822825,1590,localhost CPU mongod,,,,,true,0,0,0,0,ACCT_AHP_2
1352750823825,29593,localhost CPU TOTAL,,,,,true,0,0,0,0,ACCT_AHP_2
1352750823825,1601,localhost CPU mongod,,,,,true,0,0,0,0,ACCT_AHP_2
1352750824828,36345,localhost CPU TOTAL,,,,,true,0,0,0,0,ACCT_AHP_2
1352750824829,0,localhost CPU mongod,,,,,true,0,0,0,0,ACCT_AHP_2
1352750825829,24507,localhost CPU TOTAL,,,,,true,0,0,0,0,ACCT_AHP_2
1352750825829,0,localhost CPU mongod,,,,,true,0,0,0,0,ACCT_AHP_2
1352750826829,18071,localhost CPU TOTAL,,,,,true,0,0,0,0,ACCT_AHP_2
1352750826829,0,localhost CPU mongod,,,,,true,0,0,0,0,ACCT_AHP_2
1352750827829,28785,localhost CPU TOTAL,,,,,true,0,0,0,0,ACCT_AHP_2
1352750827829,0,localhost CPU mongod,,,,,true,0,0,0,0,ACCT_AHP_2
1352750828829,45522,localhost CPU TOTAL,,,,,true,0,0,0,0,ACCT_AHP_2
1352750828829,0,localhost CPU mongod,,,,,true,0,0,0,0,ACCT_AHP_2
1352750829830,18304,localhost CPU TOTAL,,,,,true,0,0,0,0,ACCT_AHP_2
1352750829830,1600,localhost CPU mongod,,,,,true,0,0,0,0,ACCT_AHP_2
1352750830830,20305,localhost CPU TOTAL,,,,,true,0,0,0,0,ACCT_AHP_2
1352750830830,0,localhost CPU mongod,,,,,true,0,0,0,0,ACCT_AHP_2
1352750831830,38872,localhost CPU TOTAL,,,,,true,0,0,0,0,ACCT_AHP_2
1352750831830,0,localhost CPU mongod,,,,,true,0,0,0,0,ACCT_AHP_2
1352750832831,16049,localhost CPU TOTAL,,,,,true,0,0,0,0,ACCT_AHP_2
1352750832832,0,localhost CPU mongod,,,,,true,0,0,0,0,ACCT_AHP_2
1352750833833,22948,localhost CPU TOTAL,,,,,true,0,0,0,0,ACCT_AHP_2
1352750833833,0,localhost CPU mongod,,,,,true,0,0,0,0,ACCT_AHP_2
1352750834833,18080,localhost CPU TOTAL,,,,,true,0,0,0,0,ACCT_AHP_2
1352750834833,0,localhost CPU mongod,,,,,true,0,0,0,0,ACCT_AHP_2
1352750835833,17976,localhost CPU TOTAL,,,,,true,0,0,0,0,ACCT_AHP_2
1352750835833,0,localhost CPU mongod,,,,,true,0,0,0,0,ACCT_AHP_2
1352750836835,26458,localhost CPU TOTAL,,,,,true,0,0,0,0,ACCT_AHP_2
1352750836835,0,localhost CPU mongod,,,,,true,0,0,0,0,ACCT_AHP_2
1352750837835,23529,localhost CPU TOTAL,,,,,true,0,0,0,0,ACCT_AHP_2
1352750837835,0,localhost CPU mongod,,,,,true,0,0,0,0,ACCT_AHP_2
1352750838835,27256,localhost CPU TOTAL,,,,,true,0,0,0,0,ACCT_AHP_2
1352750838835,0,localhost CPU mongod,,,,,true,0,0,0,0,ACCT_AHP_2
1352750839835,14089,localhost CPU TOTAL,,,,,true,0,0,0,0,ACCT_AHP_2
1352750839835,0,localhost CPU mongod,,,,,true,0,0,0,0,ACCT_AHP_2
1352750840835,21428,localhost CPU TOTAL,,,,,true,0,0,0,0,ACCT_AHP_2
1352750840835,0,localhost CPU mongod,,,,,true,0,0,0,0,ACCT_AHP_2
1352750841835,16441,localhost CPU TOTAL,,,,,true,0,0,0,0,ACCT_AHP_2
1352750841835,0,localhost CPU mongod,,,,,true,0,0,0,0,ACCT_AHP_2
1352750842835,22574,localhost CPU TOTAL,,,,,true,0,0,0,0,ACCT_AHP_2
1352750842835,0,localhost CPU mongod,,,,,true,0,0,0,0,ACCT_AHP_2
1352750843836,23460,localhost CPU TOTAL,,,,,true,0,0,0,0,ACCT_AHP_2
1352750843836,0,localhost CPU mongod,,,,,true,0,0,0,0,ACCT_AHP_2
1352750844837,27227,localhost CPU TOTAL,,,,,true,0,0,0,0,ACCT_AHP_2
1352750844837,3103,localhost CPU mongod,,,,,true,0,0,0,0,ACCT_AHP_2
1352750845838,31912,localhost CPU TOTAL,,,,,true,0,0,0,0,ACCT_AHP_2
1352750845838,0,localhost CPU mongod,,,,,true,0,0,0,0,ACCT_AHP_2
1352750846839,19850,localhost CPU TOTAL,,,,,true,0,0,0,0,ACCT_AHP_2
1352750846840,1500,localhost CPU mongod,,,,,true,0,0,0,0,ACCT_AHP_2
1352750847840,18935,localhost CPU TOTAL,,,,,true,0,0,0,0,ACCT_AHP_2
1352750847840,0,localhost CPU mongod,,,,,true,0,0,0,0,ACCT_AHP_2
1352750848841,36960,localhost CPU TOTAL,,,,,true,0,0,0,0,ACCT_AHP_2
1352750848841,1501,localhost CPU mongod,,,,,true,0,0,0,0,ACCT_AHP_2
1352750849841,25679,localhost CPU TOTAL,,,,,true,0,0,0,0,ACCT_AHP_2
1352750849841,1600,localhost CPU mongod,,,,,true,0,0,0,0,ACCT_AHP_2
1352750850841,19178,localhost CPU TOTAL,,,,,true,0,0,0,0,ACCT_AHP_2
1352750850841,0,localhost CPU mongod,,,,,true,0,0,0,0,ACCT_AHP_2
1352750851843,37835,localhost CPU TOTAL,,,,,true,0,0,0,0,ACCT_AHP_2
1352750851844,1596,localhost CPU mongod,,,,,true,0,0,0,0,ACCT_AHP_2
1352750852844,10876,localhost CPU TOTAL,,,,,true,0,0,0,0,ACCT_AHP_2
1352750852844,0,localhost CPU mongod,,,,,true,0,0,0,0,ACCT_AHP_2
1352750853845,28305,localhost CPU TOTAL,,,,,true,0,0,0,0,ACCT_AHP_2
1352750853846,1593,localhost CPU mongod,,,,,true,0,0,0,0,ACCT_AHP_2
1352750854847,30077,localhost CPU TOTAL,,,,,true,0,0,0,0,ACCT_AHP_2
1352750854847,0,localhost CPU mongod,,,,,true,0,0,0,0,ACCT_AHP_2
1352750855847,25388,localhost CPU TOTAL,,,,,true,0,0,0,0,ACCT_AHP_2
1352750855847,0,localhost CPU mongod,,,,,true,0,0,0,0,ACCT_AHP_2
1352750856847,31504,localhost CPU TOTAL,,,,,true,0,0,0,0,ACCT_AHP_2
1352750856847,1500,localhost CPU mongod,,,,,true,0,0,0,0,ACCT_AHP_2
1352750857847,16294,localhost CPU TOTAL,,,,,true,0,0,0,0,ACCT_AHP_2
1352750857847,0,localhost CPU mongod,,,,,true,0,0,0,0,ACCT_AHP_2
1352750858847,50788,localhost CPU TOTAL,,,,,true,0,0,0,0,ACCT_AHP_2
1352750858847,3100,localhost CPU mongod,,,,,true,0,0,0,0,ACCT_AHP_2
1352750859847,12400,localhost CPU TOTAL,,,,,true,0,0,0,0,ACCT_AHP_2
1352750859847,0,localhost CPU mongod,,,,,true,0,0,0,0,ACCT_AHP_2
1352750860848,16758,localhost CPU TOTAL,,,,,true,0,0,0,0,ACCT_AHP_2
1352750860848,0,localhost CPU mongod,,,,,true,0,0,0,0,ACCT_AHP_2
1352750861848,28386,localhost CPU TOTAL,,,,,true,0,0,0,0,ACCT_AHP_2
1352750861848,0,localhost CPU mongod,,,,,true,0,0,0,0,ACCT_AHP_2
1352750862848,27619,localhost CPU TOTAL,,,,,true,0,0,0,0,ACCT_AHP_2
1352750862848,0,localhost CPU mongod,,,,,true,0,0,0,0,ACCT_AHP_2
